index,filename,label1,score1,label2,score2,label3,score3
0,갈비_골목갈비_1838.jpg,street,0.2545,department store,0.2534,korean palace,0.2455
1,갈비_초량골목갈비_1806.jpg,bakery shop,0.2424,restaurant,0.1984,traditional market,0.1961
2,갈비_초량골목갈비_1807.jpg,bakery shop,0.2259,restaurant,0.2234,traditional market,0.2103
3,갈비_초량골목갈비_1808.jpg,restaurant,0.2224,bakery shop,0.2219,traditional market,0.2167
4,갤러리카페_스타파이브_1066.jpg,restaurant,0.2533,stage theater,0.2459,korean palace,0.243
5,"고궁,궁_경복궁_241.jpg",korean palace,0.2983,Buddhist temple,0.2599,palace,0.2503
6,"고궁,궁_경희궁_264.jpg",korean palace,0.3188,Buddhist temple,0.2538,palace,0.2515
7,"고궁,궁_경희궁_266.jpg",korean palace,0.2096,city park,0.2019,Buddhist temple,0.1957
8,"고궁,궁_용흥궁_1241.jpg",korean palace,0.2998,Buddhist temple,0.2603,traditional market,0.2321
9,"고궁,궁_용흥궁_1242.jpg",korean palace,0.3179,Buddhist temple,0.2731,palace,0.2491
10,"고궁,궁_용흥궁_1243.jpg",museum,0.2344,Buddhist temple,0.2297,fountain,0.2255
11,"고궁,궁_운현궁_267.jpg",korean palace,0.3041,Buddhist temple,0.279,museum,0.2462
12,"고궁,궁_운현궁_268.jpg",korean palace,0.3064,Buddhist temple,0.2789,museum,0.258
13,"고궁,궁_운현궁_269.jpg",korean palace,0.3023,Buddhist temple,0.2633,traditional market,0.245
14,"고궁,궁_창덕궁_244.jpg",korean palace,0.3191,Buddhist temple,0.279,palace,0.2563
15,"고궁,궁_창덕궁_246.jpg",korean palace,0.3041,amusement park,0.2459,palace,0.2424
16,"고궁,궁_화성행궁_759.jpg",korean palace,0.3312,Buddhist temple,0.2833,palace,0.2617
17,공원_동탄호수공원_629.jpg,city park,0.239,botanical garden,0.2317,river,0.2129
18,공원_동탄호수공원_630.jpg,korean palace,0.2744,fountain,0.2455,amusement park,0.2431
19,공원_동탄호수공원_631.jpg,city park,0.2347,river,0.2269,harbor,0.224
20,공원_동호수어린이공원_133.jpg,observation tower,0.2246,trail,0.2233,botanical garden,0.2156
21,공원_동호수어린이공원_134.jpg,korean palace,0.3003,Buddhist temple,0.267,botanical garden,0.246
22,공원_동호수어린이공원_135.jpg,Buddhist temple,0.2556,korean palace,0.2525,restaurant,0.2394
23,공원_왕송호수공원_662.jpg,korean palace,0.2431,botanical garden,0.2421,forest,0.2416
24,공원_은계호수공원_646.jpg,city park,0.2418,korean palace,0.2389,river,0.2324
25,공원_인천대공원 수목원길_1092.jpg,forest,0.2374,botanical garden,0.2257,korean palace,0.2202
26,공원_인천대공원 수목원길_1093.jpg,forest,0.2486,botanical garden,0.2473,observation tower,0.2276
27,공원_인천대공원 수목원길_1094.jpg,korean palace,0.2848,botanical garden,0.2459,zoo,0.2381
28,국수_국수골목 계양점_1361.jpg,traditional market,0.2232,restaurant,0.2198,korean palace,0.2013
29,국수_국수골목 계양점_1362.jpg,restaurant,0.21,bakery shop,0.2066,traditional market,0.2046
30,국수_국수골목 계양점_1363.jpg,restaurant,0.2235,korean palace,0.22,festival,0.2122
31,국수_국수골목 연수점_1379.jpg,korean palace,0.2454,restaurant,0.2275,traditional market,0.2107
32,국수_국수골목 연수점_1380.jpg,bakery shop,0.2555,restaurant,0.2506,pub,0.2334
33,국수_국수골목 연수점_1381.jpg,restaurant,0.2364,traditional market,0.2173,harbor,0.2168
34,냉면_개롱골목냉면_393.jpg,restaurant,0.2206,korean palace,0.2194,traditional market,0.1974
35,냉면_골목냉면 혜화점_405.jpg,korean palace,0.2506,restaurant,0.2465,fountain,0.2144
36,냉면_골목냉면 혜화점_406.jpg,korean palace,0.2409,restaurant,0.2232,traditional market,0.2229
37,냉면_골목냉면 혜화점_407.jpg,restaurant,0.2339,traditional market,0.2228,korean palace,0.2222
38,냉면_골목냉면_380.jpg,korean palace,0.2731,street,0.2437,city park,0.2353
39,냉면_깡통골목 원조비빔당면_1821.jpg,korean palace,0.2406,traditional market,0.2363,gallery,0.2279
40,냉면_깡통골목 원조비빔당면_1822.jpg,traditional market,0.2459,bakery shop,0.2301,department store,0.2266
41,냉면_수택골목냉면_906.jpg,restaurant,0.2361,korean palace,0.2199,traditional market,0.2117
42,냉면_수택골목냉면_907.jpg,restaurant,0.2644,movie theater,0.2401,bakery shop,0.2368
43,도보여행_서서울호수공원 산책길_142.jpg,botanical garden,0.2694,forest,0.2407,city park,0.2331
44,도보여행_서서울호수공원 산책길_143.jpg,river,0.2344,korean palace,0.2215,zoo,0.22
45,도시근린공원_광교호수공원_626.jpg,korean palace,0.2668,city park,0.2537,observation tower,0.2458
46,도시근린공원_광교호수공원_627.jpg,city park,0.2567,korean palace,0.2497,harbor,0.2457
47,도시근린공원_광교호수공원_628.jpg,korean palace,0.2336,observation tower,0.2268,river,0.2256
48,도시근린공원_금광호수공원_652.jpg,korean palace,0.262,observation tower,0.2259,amusement park,0.2179
49,도시근린공원_기흥호수공원_647.jpg,harbor,0.2231,department store,0.222,stadium,0.2211
50,도시근린공원_기흥호수공원_648.jpg,botanical garden,0.2474,city park,0.2424,korean palace,0.2294
51,도시근린공원_기흥호수공원_649.jpg,river,0.2483,observation tower,0.2215,harbor,0.2157
52,도시근린공원_반월호수공원_656.jpg,korean palace,0.2377,zoo,0.2303,stadium,0.2258
53,도시근린공원_반월호수공원_657.jpg,korean palace,0.2637,amusement park,0.248,zoo,0.2304
54,도시근린공원_반월호수공원_658.jpg,korean palace,0.2783,botanical garden,0.2703,Buddhist temple,0.2632
55,도시근린공원_상동호수공원_632.jpg,trail,0.2355,city park,0.2198,amusement park,0.2182
56,도시근린공원_상동호수공원_633.jpg,botanical garden,0.2723,korean palace,0.2451,city park,0.2379
57,도시근린공원_상동호수공원_634.jpg,amusement park,0.2719,botanical garden,0.2538,city park,0.2512
58,도시근린공원_서서울호수공원_127.jpg,river,0.2344,city park,0.2319,botanical garden,0.2289
59,도시근린공원_안산호수공원_638.jpg,city park,0.2546,korean palace,0.2463,botanical garden,0.2457
60,도시근린공원_안산호수공원_639.jpg,festival,0.2274,korean palace,0.2264,stage theater,0.2066
61,도시근린공원_안산호수공원_640.jpg,festival,0.2531,amusement park,0.2436,stage theater,0.2418
62,도시근린공원_오남호수공원_653.jpg,harbor,0.2546,stage theater,0.2478,festival,0.2477
63,도시근린공원_오남호수공원_655.jpg,observation tower,0.2504,trail,0.2489,observatory,0.2179
64,도시근린공원_옥정호수공원_660.jpg,festival,0.245,city park,0.2211,amusement park,0.2205
65,도시근린공원_옥정호수공원_661.jpg,korean palace,0.2324,festival,0.2322,amusement park,0.2139
66,도시근린공원_운정호수공원_635.jpg,city park,0.2643,korean palace,0.2552,botanical garden,0.2444
67,도시근린공원_운정호수공원_637.jpg,river,0.2569,city park,0.2457,observation tower,0.2246
68,도시근린공원_장자호수공원_641.jpg,street,0.2528,korean palace,0.2448,city park,0.2438
69,도시근린공원_장자호수공원_642.jpg,street,0.2366,city park,0.2197,harbor,0.2188
70,도시근린공원_장자호수공원_643.jpg,korean palace,0.2483,city park,0.2451,street,0.2409
71,도시근린공원_청라호수공원_1107.jpg,botanical garden,0.2558,city park,0.237,observation tower,0.2361
72,도시근린공원_청라호수공원_1108.jpg,harbor,0.2499,amusement park,0.2442,city park,0.24
73,도시근린공원_청라호수공원_1109.jpg,city park,0.2379,botanical garden,0.2362,observation tower,0.2326
74,도시근린공원_해오름호수공원_1110.jpg,city park,0.2449,river,0.2407,trail,0.2224
75,도시근린공원_해오름호수공원_1111.jpg,city park,0.2531,botanical garden,0.2386,river,0.2334
76,도시근린공원_해오름호수공원_1112.jpg,city park,0.2698,river,0.2628,botanical garden,0.247
77,등산정보_관악산 호수공원분기점_144.jpg,zoo,0.2042,amusement park,0.2015,trail,0.2
78,등산정보_관악산 호수공원분기점_145.jpg,trail,0.2385,zoo,0.2284,city park,0.2257
79,등산정보_관악산 호수공원분기점_146.jpg,trail,0.2434,observation tower,0.2237,forest,0.2155
80,디저트카페_동양염전베이커리카페_1080.jpg,department store,0.2267,harbor,0.2266,palace,0.219
81,디저트카페_동양염전베이커리카페_1081.jpg,korean palace,0.2418,bakery shop,0.2277,festival,0.2263
82,디저트카페_동양염전베이커리카페_1082.jpg,restaurant,0.2426,botanical garden,0.2308,gallery,0.2205
83,디저트카페_마롱브런치&베이커리카페_495.jpg,stage theater,0.2472,movie theater,0.2375,restaurant,0.236
84,디저트카페_마롱브런치&베이커리카페_496.jpg,korean palace,0.2583,department store,0.249,restaurant,0.2444
85,디저트카페_바다와풍경_490.jpg,korean palace,0.2434,festival,0.2146,forest,0.2137
86,디저트카페_바다와풍경_491.jpg,harbor,0.264,ocean coastline,0.2392,festival,0.2342
87,디저트카페_보스커피&브런치_12.jpg,restaurant,0.2338,pub,0.2113,traditional market,0.2084
88,디저트카페_브런치카페 이엘_1507.jpg,pub,0.2308,alley,0.2301,harbor,0.227
89,디저트카페_브룩스_1543.jpg,gallery,0.2255,waterfall,0.2207,fountain,0.2186
90,디저트카페_빠르끄 풍동본점_575.jpg,korean palace,0.2552,restaurant,0.2266,traditional market,0.2154
91,디저트카페_빠르끄 풍동본점_576.jpg,restaurant,0.2434,traditional market,0.2195,korean palace,0.2187
92,디저트카페_빠르끄 풍동본점_577.jpg,bakery shop,0.2193,restaurant,0.2097,pub,0.1994
93,디저트카페_스타골목커피_1397.jpg,amusement park,0.2372,korean palace,0.2343,festival,0.2326
94,디저트카페_스타골목커피_1398.jpg,festival,0.2554,amusement park,0.2515,korean palace,0.2415
95,디저트카페_스타골목커피_1399.jpg,forest,0.2418,botanical garden,0.2327,festival,0.2292
96,디저트카페_어로프슬라이스피스_551.jpg,bakery shop,0.2241,pub,0.1996,restaurant,0.1989
97,디저트카페_어로프슬라이스피스_552.jpg,restaurant,0.2464,bakery shop,0.241,traditional market,0.2394
98,디저트카페_어로프슬라이스피스_553.jpg,restaurant,0.2329,bakery shop,0.2255,pub,0.2232
99,디저트카페_에테르_1476.jpg,observation tower,0.2343,restaurant,0.22,ocean coastline,0.2128
100,디저트카페_우즈베이커리_1559.jpg,korean palace,0.2562,restaurant,0.2548,bakery shop,0.2344
101,디저트카페_우즈베이커리카페 수성호수점_1930.jpg,bakery shop,0.2962,traditional market,0.2278,department store,0.2215
102,디저트카페_우즈베이커리카페 수성호수점_1931.jpg,restaurant,0.2422,gallery,0.2339,department store,0.2328
103,디저트카페_이진상회_545.jpg,korean palace,0.2686,restaurant,0.2586,Buddhist temple,0.2554
104,디저트카페_이진상회_546.jpg,korean palace,0.2443,restaurant,0.24,Buddhist temple,0.2392
105,디저트카페_이진상회_547.jpg,korean palace,0.2676,botanical garden,0.2446,restaurant,0.2438
106,디저트카페_인스퍼레이션디 동촌유원지점_1950.jpg,bakery shop,0.2741,movie theater,0.244,restaurant,0.2369
107,디저트카페_인스퍼레이션디 동촌유원지점_1951.jpg,restaurant,0.2432,city park,0.2312,observation tower,0.2308
108,디저트카페_초이스엠_1944.jpg,department store,0.2515,bakery shop,0.2513,restaurant,0.2447
109,디저트카페_초이스엠_1945.jpg,bakery shop,0.2798,traditional market,0.2214,department store,0.2105
110,디저트카페_초이스엠_1946.jpg,department store,0.2517,stadium,0.2499,movie theater,0.2424
111,디저트카페_카페 레드브리끄_478.jpg,restaurant,0.2521,movie theater,0.2505,department store,0.2359
112,디저트카페_토지베이커리브런치카페_499.jpg,restaurant,0.2246,pub,0.1932,traditional market,0.1902
113,디저트카페_토지베이커리브런치카페_500.jpg,restaurant,0.244,pub,0.2227,korean palace,0.2188
114,디저트카페_포레스트아웃팅스 송도점_1062.jpg,department store,0.2576,botanical garden,0.2372,gallery,0.2237
115,디저트카페_포레스트아웃팅스 송도점_1063.jpg,forest,0.2675,korean palace,0.254,festival,0.236
116,디저트카페_프릳츠 도화점_52.jpg,restaurant,0.2614,korean palace,0.2479,pub,0.2378
117,디저트카페_프릳츠 도화점_53.jpg,korean palace,0.241,restaurant,0.2343,bakery shop,0.2227
118,디저트카페_프릳츠 도화점_54.jpg,zoo,0.2196,pub,0.2183,restaurant,0.2169
119,떡볶이_골목떡볶이_367.jpg,street,0.2421,korean palace,0.241,traditional market,0.2409
120,"릉,묘,총_김포장릉_790.jpg",trail,0.277,forest,0.2612,city park,0.2587
121,"릉,묘,총_동구릉_770.jpg",korean palace,0.2624,Buddhist temple,0.2538,fountain,0.2383
122,"릉,묘,총_동구릉_771.jpg",korean palace,0.2682,Buddhist temple,0.2522,traditional market,0.2397
123,"릉,묘,총_동구릉_772.jpg",korean palace,0.2488,Buddhist temple,0.2351,observation tower,0.2283
124,"릉,묘,총_서오릉_773.jpg",korean palace,0.3324,Buddhist temple,0.2746,stage theater,0.2505
125,"릉,묘,총_서오릉_774.jpg",Buddhist temple,0.2813,korean palace,0.2697,observation tower,0.2618
126,"릉,묘,총_서오릉_775.jpg",city park,0.2678,forest,0.265,trail,0.2642
127,"릉,묘,총_서울선릉과정릉_259.jpg",korean palace,0.2831,city park,0.2774,stadium,0.262
128,"릉,묘,총_서울선릉과정릉_260.jpg",street,0.2287,fountain,0.2222,gallery,0.2213
129,"릉,묘,총_서울선릉과정릉_261.jpg",city park,0.2615,botanical garden,0.2572,korean palace,0.2544
130,"릉,묘,총_연산동고분군_1710.jpg",korean palace,0.2573,city park,0.2472,botanical garden,0.235
131,"릉,묘,총_연산동고분군_1711.jpg",museum,0.2459,korean palace,0.2421,gallery,0.229
132,"릉,묘,총_연산동고분군_1712.jpg",korean palace,0.2505,forest,0.2374,Buddhist temple,0.2358
133,"릉,묘,총_영녕릉 세종대왕유적지구 세종대왕릉_786.jpg",korean palace,0.2281,stage theater,0.2152,forest,0.2146
134,"릉,묘,총_화성융릉과건릉_776.jpg",botanical garden,0.254,trail,0.2474,korean palace,0.2462
135,"릉,묘,총_화성융릉과건릉_777.jpg",museum,0.2591,korean palace,0.2453,gallery,0.242
136,"릉,묘,총_화성융릉과건릉_778.jpg",korean palace,0.279,museum,0.2455,gallery,0.2283
137,문_광화문_247.jpg,street,0.2208,department store,0.2106,korean palace,0.2038
138,문_광화문_248.jpg,korean palace,0.2495,street,0.212,traditional market,0.2076
139,문_광화문_249.jpg,fountain,0.2609,observation tower,0.2563,waterfall,0.244
140,문_금정산성 남문_1696.jpg,korean palace,0.3114,Buddhist temple,0.2583,observation tower,0.2425
141,문_독립문_270.jpg,korean palace,0.2494,city park,0.2465,observation tower,0.2432
142,문_독립문_271.jpg,stage theater,0.2445,korean palace,0.232,gallery,0.2303
143,문_독립문_272.jpg,korean palace,0.2988,palace,0.2568,traditional market,0.2543
144,문_수원화성 장안문_782.jpg,korean palace,0.2764,trail,0.2409,observation tower,0.237
145,문_수원화성 장안문_783.jpg,korean palace,0.3307,observation tower,0.2608,palace,0.2588
146,문_수원화성 장안문_784.jpg,korean palace,0.2671,amusement park,0.2557,festival,0.2339
147,문_수원화성 팔달문_794.jpg,korean palace,0.2665,traditional market,0.2455,street,0.2321
148,문_수원화성 팔달문_795.jpg,korean palace,0.2763,festival,0.2243,Buddhist temple,0.2222
149,문_수원화성 팔달문_796.jpg,korean palace,0.2896,traditional market,0.232,Buddhist temple,0.2297
150,문_숭례문_253.jpg,korean palace,0.2466,palace,0.2423,amusement park,0.2373
151,문_숭례문_254.jpg,city park,0.2526,fountain,0.2388,Buddhist temple,0.2294
152,문_숭례문_255.jpg,korean palace,0.3214,city park,0.3073,botanical garden,0.2761
153,문_홍예문_1262.jpg,alley,0.2203,trail,0.2146,korean palace,0.2123
154,문_홍예문_1264.jpg,alley,0.2431,botanical garden,0.2421,waterfall,0.2252
155,문_흥인지문_257.jpg,city park,0.2908,korean palace,0.2773,fountain,0.275
156,문_흥인지문_258.jpg,korean palace,0.2433,traditional market,0.2427,observation tower,0.2381
157,문화유적_고려궁지_1230.jpg,korean palace,0.3128,Buddhist temple,0.2859,palace,0.2468
158,문화유적_고려궁지_1231.jpg,Buddhist temple,0.2839,korean palace,0.2753,observation tower,0.2655
159,문화유적_고려궁지_1232.jpg,korean palace,0.2984,Buddhist temple,0.2794,traditional market,0.2469
160,문화유적_서울암사동유적_273.jpg,bakery shop,0.2802,traditional market,0.2502,restaurant,0.2286
161,문화유적_서울암사동유적_274.jpg,stage theater,0.2204,gallery,0.2071,pub,0.2009
162,문화유적_서울암사동유적_275.jpg,forest,0.2439,botanical garden,0.2323,korean palace,0.2288
163,문화유적_석파정_263.jpg,Buddhist temple,0.2382,museum,0.2315,restaurant,0.2223
164,문화유적_연미정_1226.jpg,korean palace,0.2497,observation tower,0.2348,botanical garden,0.2247
165,문화유적_외양포진지_1701.jpg,museum,0.2396,zoo,0.2315,gallery,0.2208
166,문화유적_외양포진지_1702.jpg,korean palace,0.2699,bakery shop,0.2476,amusement park,0.2461
167,문화유적_외양포진지_1703.jpg,korean palace,0.276,museum,0.2544,zoo,0.2297
168,문화유적_원인재_1247.jpg,korean palace,0.3201,Buddhist temple,0.2791,museum,0.2547
169,문화유적_원인재_1248.jpg,korean palace,0.2431,restaurant,0.2392,traditional market,0.2388
170,문화유적_원인재_1249.jpg,korean palace,0.3062,Buddhist temple,0.2799,palace,0.2405
171,문화유적_장수동 은행나무_1236.jpg,city park,0.2442,botanical garden,0.2285,gallery,0.211
172,문화유적_장수동 은행나무_1238.jpg,city park,0.236,observation tower,0.2304,botanical garden,0.2237
173,문화유적_정약용유적지_791.jpg,korean palace,0.274,amusement park,0.2401,city park,0.2378
174,문화유적_정약용유적지_792.jpg,korean palace,0.2561,Buddhist temple,0.2489,festival,0.2328
175,문화유적_정약용유적지_793.jpg,city park,0.2655,stadium,0.238,korean palace,0.2347
176,문화유적_충렬사_1680.jpg,korean palace,0.3421,Buddhist temple,0.294,palace,0.267
177,문화유적_충렬사_1681.jpg,korean palace,0.2661,Buddhist temple,0.2644,restaurant,0.2571
178,문화유적_충렬사_1682.jpg,korean palace,0.2974,Buddhist temple,0.2703,botanical garden,0.2421
179,문화유적_해월정_1700.jpg,zoo,0.2254,gallery,0.2248,street,0.2222
180,미술관_가나아트파크_696.jpg,city park,0.2259,zoo,0.2234,trail,0.2093
181,미술관_가나아트파크_697.jpg,gallery,0.222,museum,0.2169,korean palace,0.2155
182,미술관_가나아트파크_698.jpg,bakery shop,0.2635,restaurant,0.2516,museum,0.2459
183,미술관_간송미술관_190.jpg,Buddhist temple,0.2594,fountain,0.248,botanical garden,0.2369
184,미술관_간송미술관_191.jpg,fountain,0.271,observation tower,0.2683,Buddhist temple,0.2475
185,미술관_간송미술관_192.jpg,fountain,0.2656,observation tower,0.2622,Buddhist temple,0.2583
186,미술관_경기도미술관_683.jpg,harbor,0.2206,pub,0.2169,gallery,0.2134
187,미술관_경기도미술관_684.jpg,korean palace,0.2352,festival,0.2336,museum,0.2245
188,미술관_경기도미술관_685.jpg,gallery,0.2246,stage theater,0.2245,museum,0.219
189,미술관_경원미술관_1158.jpg,korean palace,0.2418,restaurant,0.2308,traditional market,0.2002
190,미술관_경원미술관_1159.jpg,korean palace,0.286,Buddhist temple,0.2758,restaurant,0.256
191,미술관_경원미술관_1160.jpg,department store,0.2634,movie theater,0.2441,bakery shop,0.2426
192,미술관_고은사진미술관_1608.jpg,museum,0.2471,gallery,0.2383,korean palace,0.2345
193,미술관_고은사진미술관_1609.jpg,street,0.2301,department store,0.2222,gallery,0.2187
194,미술관_고은사진미술관_1610.jpg,gallery,0.2532,museum,0.2325,stage theater,0.2151
195,미술관_구하우스미술관_689.jpg,zoo,0.2164,gallery,0.2066,museum,0.2049
196,미술관_국립현대미술관 과천_673.jpg,museum,0.2621,observatory,0.2434,stage theater,0.2403
197,미술관_국립현대미술관 서울_156.jpg,korean palace,0.2622,museum,0.2591,stadium,0.2537
198,미술관_국제갤러리 부산지점_1635.jpg,festival,0.2679,korean palace,0.2393,museum,0.2107
199,미술관_국제갤러리 부산지점_1636.jpg,gallery,0.2789,museum,0.2446,korean palace,0.2165
200,미술관_국제갤러리 부산지점_1637.jpg,observation tower,0.2485,korean palace,0.2463,department store,0.2382
201,미술관_금련산갤러리_1638.jpg,korean palace,0.2337,trail,0.2255,festival,0.224
202,미술관_금련산갤러리_1639.jpg,korean palace,0.2387,gallery,0.2177,museum,0.2088
203,미술관_금련산갤러리_1640.jpg,gallery,0.2177,observation tower,0.2077,trail,0.2014
204,미술관_금정문화회관 금샘미술관_1620.jpg,festival,0.2161,korean palace,0.2156,gallery,0.1988
205,미술관_금정문화회관 금샘미술관_1621.jpg,korean palace,0.2325,gallery,0.2257,museum,0.21
206,미술관_금정문화회관 금샘미술관_1622.jpg,korean palace,0.2357,festival,0.2252,museum,0.2211
207,미술관_김홍도미술관_705.jpg,korean palace,0.2468,palace,0.2272,festival,0.2266
208,미술관_김홍도미술관_706.jpg,restaurant,0.2451,bakery shop,0.2365,pub,0.2354
209,미술관_대구간송미술관_1995.jpg,Buddhist temple,0.2377,korean palace,0.2342,restaurant,0.2326
210,미술관_대구간송미술관_1996.jpg,korean palace,0.2269,trail,0.2151,stage theater,0.2145
211,미술관_대구간송미술관_1997.jpg,korean palace,0.2714,observation tower,0.2416,stadium,0.2362
212,미술관_대구미술관_1992.jpg,gallery,0.2516,museum,0.2489,department store,0.2222
213,미술관_대구미술관_1993.jpg,gallery,0.2462,museum,0.2273,observation tower,0.201
214,미술관_대구미술관_1994.jpg,gallery,0.2767,museum,0.2557,korean palace,0.229
215,미술관_대림미술관_188.jpg,gallery,0.2704,museum,0.2447,korean palace,0.2374
216,미술관_대림미술관_189.jpg,gallery,0.2323,korean palace,0.2237,museum,0.2197
217,미술관_더리미미술관_1144.jpg,restaurant,0.2407,gallery,0.23,movie theater,0.2289
218,미술관_더리미미술관_1145.jpg,gallery,0.264,museum,0.2453,korean palace,0.2129
219,미술관_디뮤지엄_181.jpg,gallery,0.2129,festival,0.2028,observatory,0.2019
220,미술관_랄프깁슨 사진미술관_1629.jpg,gallery,0.2166,observation tower,0.2106,department store,0.2073
221,미술관_리움미술관_150.jpg,stage theater,0.242,gallery,0.2419,museum,0.2275
222,미술관_리움미술관_152.jpg,museum,0.252,gallery,0.2406,korean palace,0.2333
223,미술관_뮤지엄원_1615.jpg,palace,0.2246,gallery,0.2216,museum,0.221
224,미술관_뮤지엄원_1616.jpg,korean palace,0.2403,trail,0.2249,gallery,0.2244
225,미술관_미메시스아트뮤지엄_679.jpg,gallery,0.2617,museum,0.2581,korean palace,0.2269
226,미술관_부산시립미술관 (휴관중)_1605.jpg,gallery,0.2481,korean palace,0.2418,museum,0.2403
227,미술관_부산시립미술관 이우환공간_1623.jpg,korean palace,0.2659,museum,0.258,palace,0.2552
228,미술관_부산시립미술관 이우환공간_1624.jpg,city park,0.2518,fountain,0.2453,korean palace,0.2433
229,미술관_부산시립미술관 이우환공간_1625.jpg,gallery,0.2334,fountain,0.2283,waterfall,0.2203
230,미술관_부산현대미술관_1611.jpg,traditional market,0.1762,pub,0.1745,gallery,0.1729
231,미술관_부산현대미술관_1612.jpg,museum,0.2258,stadium,0.2202,movie theater,0.2178
232,미술관_부평아트센터 꽃누리갤러리_1153.jpg,korean palace,0.2467,gallery,0.2367,museum,0.2281
233,미술관_서면미술관_1617.jpg,korean palace,0.215,gallery,0.2128,observatory,0.2114
234,미술관_서면미술관_1618.jpg,observatory,0.2145,korean palace,0.2144,gallery,0.2104
235,미술관_서울시립 북서울미술관_179.jpg,festival,0.2236,stage theater,0.2137,korean palace,0.2135
236,미술관_서울시립 북서울미술관_180.jpg,museum,0.2439,gallery,0.2359,korean palace,0.2208
237,미술관_서울시립 사진미술관_193.jpg,korean palace,0.3088,museum,0.281,stage theater,0.2756
238,미술관_서울시립 사진미술관_194.jpg,korean palace,0.2261,stage theater,0.2167,festival,0.2136
239,미술관_서울시립 사진미술관_195.jpg,gallery,0.2661,museum,0.258,korean palace,0.2204
240,미술관_서울시립미술관 서소문본관_159.jpg,palace,0.2284,department store,0.2166,stadium,0.213
241,미술관_서울시립미술관 서소문본관_160.jpg,gallery,0.2679,museum,0.2639,korean palace,0.2252
242,미술관_서울시립미술관 서소문본관_161.jpg,gallery,0.2679,museum,0.2639,korean palace,0.2252
243,미술관_서울시립미술관 서소문본관_162.jpg,korean palace,0.2238,festival,0.2087,stage theater,0.205
244,미술관_석모도갤러리_1168.jpg,korean palace,0.2353,restaurant,0.2186,traditional market,0.2076
245,미술관_석파정 서울미술관_169.jpg,korean palace,0.2391,forest,0.2363,festival,0.2346
246,미술관_석파정 서울미술관_170.jpg,restaurant,0.2459,museum,0.2429,traditional market,0.242
247,미술관_석파정 서울미술관_171.jpg,korean palace,0.2505,museum,0.2382,gallery,0.2373
248,미술관_성남큐브미술관_701.jpg,gallery,0.2203,museum,0.215,observatory,0.2058
249,미술관_송암미술관_1135.jpg,Buddhist temple,0.2672,museum,0.2419,gallery,0.2271
250,미술관_송암미술관_1136.jpg,korean palace,0.2975,fountain,0.2695,city park,0.2649
251,미술관_수원시립미술관_674.jpg,korean palace,0.2911,amusement park,0.2593,museum,0.2489
252,미술관_수원시립미술관_675.jpg,korean palace,0.2566,city park,0.2489,river,0.2388
253,미술관_수원시립미술관_676.jpg,museum,0.2466,gallery,0.2399,fountain,0.2342
254,미술관_스페인마을 갤러리_1151.jpg,festival,0.2221,korean palace,0.22,harbor,0.2178
255,미술관_아모레퍼시픽미술관_175.jpg,gallery,0.2267,museum,0.2233,department store,0.2227
256,미술관_아트KMJ갤러리_1170.jpg,korean palace,0.2554,gallery,0.2276,observation tower,0.2202
257,미술관_양주시립장욱진미술관_680.jpg,observation tower,0.237,Buddhist temple,0.2332,festival,0.2312
258,미술관_양주시립장욱진미술관_681.jpg,observation tower,0.2624,trail,0.2415,city park,0.2261
259,미술관_양주시립장욱진미술관_682.jpg,korean palace,0.2632,museum,0.2553,Buddhist temple,0.2447
260,미술관_양평군립미술관_693.jpg,amusement park,0.2219,korean palace,0.2104,museum,0.1961
261,미술관_양평군립미술관_694.jpg,harbor,0.2442,gallery,0.2371,river,0.2277
262,미술관_양평군립미술관_695.jpg,gallery,0.2851,museum,0.2379,traditional market,0.2092
263,미술관_예술의전당 한가람미술관_164.jpg,korean palace,0.2376,traditional market,0.2228,gallery,0.2198
264,미술관_예술의전당 한가람미술관_165.jpg,korean palace,0.2324,stadium,0.2117,gallery,0.2109
265,미술관_오산시립미술관_708.jpg,korean palace,0.2672,museum,0.2573,department store,0.2555
266,미술관_오산시립미술관_710.jpg,gallery,0.2588,museum,0.2457,bakery shop,0.2311
267,미술관_우현문갤러리_1161.jpg,stage theater,0.2404,gallery,0.2369,museum,0.235
268,미술관_우현문갤러리_1162.jpg,gallery,0.2437,museum,0.2245,korean palace,0.216
269,미술관_우현문갤러리_1163.jpg,gallery,0.2585,museum,0.2322,observatory,0.2022
270,미술관_유리섬_686.jpg,museum,0.2489,gallery,0.2474,stage theater,0.2358
271,미술관_유리섬_687.jpg,korean palace,0.2453,bakery shop,0.2375,festival,0.2268
272,미술관_유리섬_688.jpg,gallery,0.2494,museum,0.2346,stage theater,0.2207
273,미술관_전원미술관_1173.jpg,korean palace,0.2504,street,0.2317,bakery shop,0.2291
274,미술관_전원미술관_1174.jpg,korean palace,0.2607,bakery shop,0.2479,restaurant,0.2477
275,미술관_전원미술관_1175.jpg,korean palace,0.2605,bakery shop,0.253,restaurant,0.2522
276,미술관_정서진아트큐브_1155.jpg,palace,0.2156,festival,0.2061,stage theater,0.2057
277,미술관_정서진아트큐브_1156.jpg,korean palace,0.2719,gallery,0.2203,festival,0.2194
278,미술관_참살이미술관_1146.jpg,traditional market,0.2235,gallery,0.2199,festival,0.2129
279,미술관_참살이미술관_1147.jpg,museum,0.2357,gallery,0.2347,stage theater,0.2108
280,미술관_참살이미술관_1148.jpg,korean palace,0.2663,restaurant,0.2369,pub,0.2356
281,미술관_채플갤러리_1137.jpg,gallery,0.2595,museum,0.2321,observation tower,0.2163
282,미술관_채플갤러리_1138.jpg,gallery,0.2472,observation tower,0.2356,museum,0.2277
283,미술관_채플갤러리_1139.jpg,gallery,0.2704,museum,0.2332,korean palace,0.2065
284,미술관_포레리움_704.jpg,palace,0.2351,observatory,0.2335,museum,0.2318
285,미술관_한두뼘12갤러리_1176.jpg,bakery shop,0.241,restaurant,0.2225,pub,0.2035
286,미술관_한새갤러리_1646.jpg,alley,0.272,street,0.2495,korean palace,0.2413
287,미술관_호암미술관_668.jpg,korean palace,0.3288,Buddhist temple,0.2625,botanical garden,0.2582
288,미술관_호암미술관_669.jpg,korean palace,0.2826,Buddhist temple,0.2737,botanical garden,0.2463
289,미술관_호암미술관_670.jpg,botanical garden,0.2397,trail,0.2192,forest,0.2153
290,박물관_강화역사박물관_1190.jpg,museum,0.2507,gallery,0.2454,korean palace,0.2303
291,박물관_강화역사박물관_1191.jpg,korean palace,0.2363,stadium,0.2328,museum,0.2324
292,박물관_강화자연사박물관_1199.jpg,gallery,0.2339,museum,0.2302,bakery shop,0.2235
293,박물관_강화자연사박물관_1200.jpg,gallery,0.243,museum,0.2366,movie theater,0.2306
294,박물관_강화전쟁박물관_1210.jpg,museum,0.2471,korean palace,0.2369,gallery,0.2362
295,박물관_강화전쟁박물관_1212.jpg,korean palace,0.2948,palace,0.2367,museum,0.2366
296,박물관_검단선사박물관_1207.jpg,museum,0.272,gallery,0.2557,korean palace,0.2425
297,박물관_검단선사박물관_1208.jpg,festival,0.2508,korean palace,0.2341,amusement park,0.2206
298,박물관_검단선사박물관_1209.jpg,museum,0.2303,Buddhist temple,0.2261,gallery,0.2203
299,박물관_경기도어린이박물관_723.jpg,korean palace,0.2382,gallery,0.2043,palace,0.2043
300,박물관_경기도어린이박물관_724.jpg,korean palace,0.2617,stage theater,0.2192,gallery,0.2084
301,박물관_경기도어린이박물관_725.jpg,korean palace,0.2626,festival,0.2322,amusement park,0.2183
302,박물관_경기북부어린이박물관_747.jpg,movie theater,0.2503,department store,0.2488,stadium,0.2324
303,박물관_경기북부어린이박물관_748.jpg,festival,0.2396,korean palace,0.2098,amusement park,0.2071
304,박물관_경기북부어린이박물관_749.jpg,korean palace,0.2518,stage theater,0.2097,palace,0.2047
305,박물관_계양산성박물관_1213.jpg,museum,0.2547,gallery,0.235,korean palace,0.2292
306,박물관_계양산성박물관_1214.jpg,korean palace,0.2312,festival,0.2285,gallery,0.2203
307,박물관_고양어린이박물관_730.jpg,zoo,0.2478,forest,0.2377,botanical garden,0.237
308,박물관_고양어린이박물관_731.jpg,zoo,0.2444,botanical garden,0.2393,gallery,0.2355
309,박물관_국립고궁박물관_208.jpg,museum,0.2512,korean palace,0.248,gallery,0.2335
310,박물관_국립고궁박물관_209.jpg,amusement park,0.2306,gallery,0.2293,korean palace,0.2292
311,박물관_국립농업박물관_741.jpg,korean palace,0.232,festival,0.2202,amusement park,0.2165
312,박물관_국립농업박물관_742.jpg,korean palace,0.2912,city park,0.2465,botanical garden,0.2461
313,박물관_국립농업박물관_743.jpg,restaurant,0.2275,pub,0.2222,stage theater,0.2194
314,박물관_국립민속박물관 본관_206.jpg,korean palace,0.2673,city park,0.2478,amusement park,0.2348
315,박물관_국립세계문자박물관_1192.jpg,museum,0.2311,korean palace,0.229,festival,0.2261
316,박물관_국립세계문자박물관_1193.jpg,fountain,0.282,city park,0.251,waterfall,0.2474
317,박물관_국립세계문자박물관_1194.jpg,city park,0.2613,korean palace,0.2477,stadium,0.2392
318,박물관_국립인천해양박물관_1186.jpg,museum,0.2271,amusement park,0.2255,zoo,0.2202
319,박물관_국립인천해양박물관_1188.jpg,korean palace,0.2424,museum,0.2052,stage theater,0.1996
320,박물관_국립중앙박물관_199.jpg,Buddhist temple,0.2728,gallery,0.2264,museum,0.2219
321,박물관_국립중앙박물관_201.jpg,Buddhist temple,0.2357,traditional market,0.2287,korean palace,0.2263
322,박물관_국립항공박물관_223.jpg,observatory,0.2149,gallery,0.2103,stage theater,0.2081
323,박물관_국립항공박물관_224.jpg,korean palace,0.2638,museum,0.235,stage theater,0.2297
324,박물관_국립해양박물관_1668.jpg,stadium,0.285,stage theater,0.2698,museum,0.2659
325,박물관_국립해양박물관_1669.jpg,zoo,0.2383,river,0.23,gallery,0.2282
326,박물관_국립해양박물관_1670.jpg,museum,0.2686,harbor,0.2515,gallery,0.248
327,박물관_대한민국역사박물관_202.jpg,department store,0.2422,museum,0.2407,korean palace,0.2393
328,박물관_대한민국역사박물관_204.jpg,gallery,0.2569,museum,0.2409,movie theater,0.2334
329,박물관_부산영화체험박물관_1662.jpg,amusement park,0.2485,korean palace,0.2161,zoo,0.2088
330,박물관_부산영화체험박물관_1663.jpg,amusement park,0.2453,korean palace,0.2107,zoo,0.2084
331,박물관_부산영화체험박물관_1664.jpg,korean palace,0.2475,movie theater,0.2456,museum,0.2408
332,박물관_부산장난감박물관_1656.jpg,gallery,0.2538,korean palace,0.2329,museum,0.2311
333,박물관_부산커피박물관_1672.jpg,bakery shop,0.2581,restaurant,0.2291,pub,0.2269
334,박물관_부산커피박물관_1673.jpg,restaurant,0.2241,fountain,0.2218,pub,0.2202
335,박물관_부평역사박물관_1180.jpg,korean palace,0.2825,restaurant,0.258,stage theater,0.2484
336,박물관_부평역사박물관_1181.jpg,korean palace,0.3028,Buddhist temple,0.2536,palace,0.2444
337,박물관_삼성화재 모빌리티뮤지엄_714.jpg,museum,0.2539,gallery,0.2529,movie theater,0.2268
338,박물관_서대문자연사박물관_214.jpg,museum,0.2547,gallery,0.2209,zoo,0.2206
339,박물관_서대문자연사박물관_216.jpg,zoo,0.2326,fountain,0.2228,museum,0.2227
340,박물관_서소문성지역사박물관_211.jpg,korean palace,0.2403,city park,0.2385,botanical garden,0.2376
341,박물관_서소문성지역사박물관_212.jpg,korean palace,0.2365,amusement park,0.2016,gallery,0.201
342,박물관_서울공예박물관_235.jpg,korean palace,0.2759,city park,0.2176,palace,0.2106
343,박물관_서울공예박물관_236.jpg,gallery,0.2083,korean palace,0.2048,fountain,0.2038
344,박물관_서울공예박물관_237.jpg,botanical garden,0.221,forest,0.2158,department store,0.2128
345,박물관_서울생활사박물관_226.jpg,museum,0.2613,palace,0.2584,festival,0.2531
346,박물관_서울생활사박물관_227.jpg,festival,0.2551,korean palace,0.2338,zoo,0.2325
347,박물관_서울생활사박물관_228.jpg,zoo,0.2262,bakery shop,0.2218,gallery,0.2213
348,박물관_서울역사박물관_197.jpg,palace,0.2442,museum,0.2381,gallery,0.2328
349,박물관_서울역사박물관_198.jpg,korean palace,0.2323,stage theater,0.1884,palace,0.1812
350,박물관_송파책박물관_239.jpg,bakery shop,0.2648,gallery,0.2465,department store,0.2398
351,박물관_송파책박물관_240.jpg,gallery,0.2126,stage theater,0.2086,museum,0.2008
352,박물관_수원광교박물관_751.jpg,korean palace,0.2542,gallery,0.2279,museum,0.2271
353,박물관_수원박물관_753.jpg,korean palace,0.282,museum,0.2256,palace,0.22
354,박물관_수원박물관_754.jpg,city park,0.219,observation tower,0.2171,street,0.2103
355,박물관_수원박물관_755.jpg,korean palace,0.2941,museum,0.2488,Buddhist temple,0.2307
356,박물관_수원화성박물관_733.jpg,korean palace,0.2449,stage theater,0.1993,palace,0.1942
357,박물관_수원화성박물관_734.jpg,korean palace,0.2338,museum,0.2206,city park,0.2184
358,박물관_여주곤충박물관_744.jpg,museum,0.204,korean palace,0.1973,gallery,0.1924
359,박물관_영종역사관_1204.jpg,gallery,0.2655,museum,0.2515,korean palace,0.2239
360,박물관_영종역사관_1206.jpg,korean palace,0.2691,festival,0.2174,museum,0.2137
361,박물관_인천광역시립박물관_1177.jpg,korean palace,0.2323,bakery shop,0.2278,restaurant,0.2204
362,박물관_인천광역시립박물관_1178.jpg,korean palace,0.2517,gallery,0.2335,museum,0.2295
363,박물관_인천광역시립박물관_1179.jpg,korean palace,0.2314,amusement park,0.2243,stage theater,0.2204
364,박물관_인천어린이박물관_1216.jpg,korean palace,0.2665,stadium,0.2453,museum,0.2395
365,박물관_인천어린이박물관_1217.jpg,korean palace,0.2357,stage theater,0.2125,trail,0.1937
366,박물관_인천어린이박물관_1218.jpg,korean palace,0.2674,amusement park,0.2454,stage theater,0.2393
367,박물관_전곡선사박물관_738.jpg,korean palace,0.2505,festival,0.2217,museum,0.2106
368,박물관_전곡선사박물관_739.jpg,korean palace,0.2395,festival,0.2374,amusement park,0.2329
369,박물관_전곡선사박물관_740.jpg,korean palace,0.2272,stage theater,0.1998,festival,0.199
370,박물관_증권박물관 부산관_1676.jpg,gallery,0.2573,korean palace,0.2498,observation tower,0.2471
371,박물관_짜장면박물관_1195.jpg,alley,0.2387,korean palace,0.2348,observation tower,0.2321
372,박물관_짜장면박물관_1197.jpg,korean palace,0.2492,restaurant,0.2255,bakery shop,0.2198
373,박물관_철도박물관_717.jpg,museum,0.2531,gallery,0.2342,korean palace,0.2336
374,박물관_철도박물관_718.jpg,restaurant,0.2246,korean palace,0.2133,traditional market,0.2127
375,박물관_철도박물관_719.jpg,korean palace,0.2907,restaurant,0.2775,department store,0.2697
376,박물관_청계천박물관_232.jpg,korean palace,0.2655,museum,0.2335,traditional market,0.2184
377,박물관_청계천박물관_234.jpg,korean palace,0.2905,museum,0.2669,gallery,0.2421
378,박물관_한국근대문학관_1219.jpg,museum,0.2333,stadium,0.2264,stage theater,0.2257
379,박물관_한국근현대사박물관_737.jpg,korean palace,0.2434,trail,0.2406,river,0.2395
380,박물관_한국만화박물관_713.jpg,korean palace,0.2423,department store,0.2407,stadium,0.2362
381,박물관_한국은행 화폐박물관_217.jpg,korean palace,0.2557,stage theater,0.2289,stadium,0.2285
382,박물관_한국은행 화폐박물관_218.jpg,korean palace,0.2749,museum,0.2322,city park,0.229
383,박물관_한국은행 화폐박물관_219.jpg,korean palace,0.2649,museum,0.2342,traditional market,0.2189
384,박물관_한국이민사박물관_1202.jpg,korean palace,0.248,restaurant,0.2216,museum,0.2178
385,박물관_한국이민사박물관_1203.jpg,korean palace,0.2758,museum,0.2607,stage theater,0.2457
386,박물관_한성백제박물관_220.jpg,korean palace,0.2601,stadium,0.2442,city park,0.2424
387,박물관_한성백제박물관_221.jpg,traditional market,0.2443,museum,0.2358,korean palace,0.2346
388,박물관_허준박물관_229.jpg,museum,0.2516,korean palace,0.24,traditional market,0.2181
389,박물관_허준박물관_230.jpg,museum,0.2403,Buddhist temple,0.2395,korean palace,0.2343
390,박물관_허준박물관_231.jpg,korean palace,0.2687,Buddhist temple,0.2557,traditional market,0.2503
391,봉수대_황령산 봉수대_1677.jpg,korean palace,0.234,observation tower,0.2313,Buddhist temple,0.2244
392,봉수대_황령산 봉수대_1678.jpg,korean palace,0.2583,observation tower,0.2543,Buddhist temple,0.2369
393,봉수대_황령산 봉수대_1679.jpg,korean palace,0.2658,observation tower,0.2654,city park,0.2596
394,뷔페_서울신라호텔 더 파크뷰_34.jpg,bakery shop,0.2285,restaurant,0.2214,gallery,0.1987
395,뷔페_서울신라호텔 더 파크뷰_35.jpg,bakery shop,0.2532,restaurant,0.2348,korean palace,0.221
396,뷔페_서울신라호텔 더 파크뷰_36.jpg,restaurant,0.2293,traditional market,0.218,korean palace,0.2123
397,브런치빈_브런치빈 삼산점_1034.jpg,restaurant,0.2529,bakery shop,0.2301,pub,0.2275
398,브런치빈_브런치빈 송파점_13.jpg,restaurant,0.2424,traditional market,0.2217,pub,0.2189
399,"사당,제단_오랑대_1689.jpg",observation tower,0.2424,ocean coastline,0.2419,Buddhist temple,0.2161
400,"사당,제단_종묘_250.jpg",korean palace,0.2808,Buddhist temple,0.2555,botanical garden,0.2496
401,"사당,제단_종묘_251.jpg",korean palace,0.2382,observation tower,0.2203,city park,0.2151
402,"사당,제단_종묘_252.jpg",korean palace,0.2626,museum,0.2298,stage theater,0.2179
403,"사당,제단_참성단_1256.jpg",korean palace,0.2797,ocean coastline,0.2635,harbor,0.2272
404,"사당,제단_참성단_1257.jpg",festival,0.2364,stage theater,0.2298,korean palace,0.2263
405,"사당,제단_참성단_1258.jpg",korean palace,0.2526,observation tower,0.2302,museum,0.2266
406,"산성,성곽_금정산성 동문_1686.jpg",korean palace,0.2393,restaurant,0.2383,festival,0.2286
407,"산성,성곽_금정산성 동문_1687.jpg",korean palace,0.2497,Buddhist temple,0.2424,zoo,0.2423
408,"산성,성곽_금정산성 동문_1688.jpg",festival,0.2208,observation tower,0.2193,zoo,0.2179
409,"산성,성곽_남한산성_761.jpg",trail,0.2182,river,0.21,forest,0.1999
410,"산성,성곽_남한산성_762.jpg",trail,0.2452,forest,0.2315,observation tower,0.2014
411,"산성,성곽_남한산성_763.jpg",korean palace,0.286,Buddhist temple,0.2646,observation tower,0.2416
412,"산성,성곽_부산진성_1707.jpg",korean palace,0.2917,Buddhist temple,0.2423,palace,0.2357
413,"산성,성곽_부산진성_1708.jpg",korean palace,0.2454,festival,0.2248,stage theater,0.2184
414,"산성,성곽_부산진성_1709.jpg",korean palace,0.2437,observation tower,0.2399,restaurant,0.2339
415,"산성,성곽_분오리돈대_1244.jpg",korean palace,0.2806,traditional market,0.2296,amusement park,0.224
416,"산성,성곽_분오리돈대_1246.jpg",observation tower,0.2367,observatory,0.23,fountain,0.2228
417,"산성,성곽_수원화성_756.jpg",korean palace,0.2816,festival,0.2661,museum,0.2407
418,"산성,성곽_수원화성_758.jpg",observation tower,0.279,observatory,0.2588,harbor,0.2509
419,"산성,성곽_연천호로고루_779.jpg",traditional market,0.2174,museum,0.21,gallery,0.2069
420,"산성,성곽_초지진_1229.jpg",restaurant,0.2674,bakery shop,0.266,korean palace,0.2583
421,"산성,성곽_행주산성_764.jpg",korean palace,0.2873,Buddhist temple,0.2632,museum,0.2563
422,"산성,성곽_행주산성_765.jpg",street,0.2751,korean palace,0.2594,city park,0.2584
423,"산성,성곽_행주산성_766.jpg",fountain,0.2336,korean palace,0.2202,museum,0.2199
424,삼겹살_골목고깃집_902.jpg,korean palace,0.2352,restaurant,0.2244,festival,0.217
425,삼겹살_골목식당_890.jpg,bakery shop,0.1963,restaurant,0.1908,pub,0.188
426,삼겹살_골목식당_891.jpg,korean palace,0.2488,gallery,0.2187,museum,0.2176
427,삼겹살_골목식당_892.jpg,bakery shop,0.2418,stage theater,0.237,movie theater,0.236
428,"생태보존,서식지_을숙도생태공원 호수형습지_1603.jpg",korean palace,0.2808,city park,0.2699,observation tower,0.2645
429,"수목원,식물원_국립수목원_594.jpg",korean palace,0.2563,palace,0.2101,traditional market,0.2078
430,"수목원,식물원_국립수목원_595.jpg",korean palace,0.2705,city park,0.2345,museum,0.2343
431,"수목원,식물원_금강식물원_1577.jpg",gallery,0.2344,festival,0.2317,waterfall,0.2294
432,"수목원,식물원_금강식물원_1578.jpg",botanical garden,0.2849,korean palace,0.2667,Buddhist temple,0.2571
433,"수목원,식물원_금강식물원_1579.jpg",korean palace,0.2937,Buddhist temple,0.2754,botanical garden,0.2737
434,"수목원,식물원_남산야외식물원_97.jpg",korean palace,0.267,city park,0.2505,botanical garden,0.2491
435,"수목원,식물원_남산야외식물원_98.jpg",korean palace,0.2995,Buddhist temple,0.2862,botanical garden,0.2565
436,"수목원,식물원_대구수목원_1965.jpg",botanical garden,0.245,korean palace,0.242,forest,0.2366
437,"수목원,식물원_더그림_596.jpg",botanical garden,0.284,korean palace,0.2675,Buddhist temple,0.2652
438,"수목원,식물원_더그림_597.jpg",restaurant,0.2669,botanical garden,0.2595,Buddhist temple,0.2503
439,"수목원,식물원_더그림_598.jpg",botanical garden,0.2484,observation tower,0.222,gallery,0.2216
440,"수목원,식물원_도당근린공원 백만송이장미원_617.jpg",korean palace,0.2773,amusement park,0.2428,city park,0.2357
441,"수목원,식물원_도당근린공원 백만송이장미원_618.jpg",korean palace,0.2685,restaurant,0.2584,bakery shop,0.2573
442,"수목원,식물원_도당근린공원 백만송이장미원_619.jpg",botanical garden,0.3051,city park,0.2976,korean palace,0.2659
443,"수목원,식물원_물향기수목원_590.jpg",botanical garden,0.2501,city park,0.2159,river,0.2102
444,"수목원,식물원_물향기수목원_591.jpg",trail,0.2194,korean palace,0.2194,gallery,0.2148
445,"수목원,식물원_물향기수목원_592.jpg",korean palace,0.2596,restaurant,0.2231,gallery,0.2194
446,"수목원,식물원_바다향기수목원_606.jpg",korean palace,0.2497,stage theater,0.241,restaurant,0.2357
447,"수목원,식물원_바다향기수목원_607.jpg",korean palace,0.212,traditional market,0.2048,Buddhist temple,0.2023
448,"수목원,식물원_벽초지수목원_587.jpg",city park,0.2252,botanical garden,0.2247,korean palace,0.2159
449,"수목원,식물원_벽초지수목원_589.jpg",restaurant,0.2392,gallery,0.2347,department store,0.2266
450,"수목원,식물원_부산시수목전시원_1582.jpg",korean palace,0.278,Buddhist temple,0.2714,botanical garden,0.26
451,"수목원,식물원_부산어린이식물원_1592.jpg",traditional market,0.2439,festival,0.2418,zoo,0.2309
452,"수목원,식물원_부산어린이식물원_1593.jpg",stadium,0.2555,city park,0.2523,korean palace,0.2339
453,"수목원,식물원_부산어린이식물원_1594.jpg",zoo,0.2338,amusement park,0.2127,traditional market,0.209
454,"수목원,식물원_부산화명수목원_1568.jpg",botanical garden,0.2495,forest,0.2201,trail,0.2132
455,"수목원,식물원_부산화명수목원_1569.jpg",botanical garden,0.2543,forest,0.223,trail,0.2154
456,"수목원,식물원_부산화명수목원_1570.jpg",korean palace,0.2907,botanical garden,0.2632,trail,0.2534
457,"수목원,식물원_북한산식물원_113.jpg",korean palace,0.2445,Buddhist temple,0.2397,street,0.2308
458,"수목원,식물원_북한산식물원_114.jpg",botanical garden,0.2892,city park,0.2434,zoo,0.2414
459,"수목원,식물원_사바나농장_115.jpg",botanical garden,0.2508,forest,0.2442,zoo,0.2417
460,"수목원,식물원_사바나농장_116.jpg",botanical garden,0.2522,traditional market,0.2334,gallery,0.227
461,"수목원,식물원_사바나농장_117.jpg",traditional market,0.2523,festival,0.2477,bakery shop,0.2465
462,"수목원,식물원_서경하늘수목원_1601.jpg",Buddhist temple,0.258,korean palace,0.2578,traditional market,0.2275
463,"수목원,식물원_서울식물원_88.jpg",festival,0.216,traditional market,0.2072,zoo,0.2039
464,"수목원,식물원_서울어린이대공원 식물원_106.jpg",museum,0.2511,korean palace,0.2437,stage theater,0.2414
465,"수목원,식물원_서울어린이대공원 식물원_107.jpg",botanical garden,0.257,city park,0.2346,zoo,0.212
466,"수목원,식물원_서울어린이대공원 식물원_108.jpg",korean palace,0.2448,museum,0.241,gallery,0.2306
467,"수목원,식물원_석모도수목원_1101.jpg",botanical garden,0.2707,Buddhist temple,0.2544,fountain,0.2212
468,"수목원,식물원_석모도수목원_1102.jpg",korean palace,0.2575,botanical garden,0.2559,trail,0.2507
469,"수목원,식물원_석모도수목원_1103.jpg",korean palace,0.2784,botanical garden,0.2508,city park,0.2475
470,"수목원,식물원_선유도공원 시간의정원_104.jpg",observation tower,0.2783,botanical garden,0.2528,city park,0.2313
471,"수목원,식물원_선유도공원 온실_124.jpg",botanical garden,0.2575,city park,0.2216,zoo,0.2182
472,"수목원,식물원_세미원_578.jpg",botanical garden,0.2509,department store,0.2502,city park,0.2442
473,"수목원,식물원_세미원_579.jpg",korean palace,0.2648,gallery,0.2415,museum,0.2378
474,"수목원,식물원_세미원_580.jpg",botanical garden,0.2445,forest,0.2253,festival,0.2221
475,"수목원,식물원_신구대학교식물원_608.jpg",botanical garden,0.2536,forest,0.236,trail,0.228
476,"수목원,식물원_신구대학교식물원_610.jpg",botanical garden,0.2543,forest,0.2315,trail,0.2225
477,"수목원,식물원_아차산어울림정원 자생식물원_121.jpg",amusement park,0.2659,city park,0.2378,korean palace,0.2345
478,"수목원,식물원_아차산어울림정원 자생식물원_122.jpg",korean palace,0.2751,botanical garden,0.2551,museum,0.248
479,"수목원,식물원_아침고요수목원_585.jpg",botanical garden,0.2759,city park,0.243,korean palace,0.2364
480,"수목원,식물원_아침고요수목원_586.jpg",korean palace,0.2748,botanical garden,0.2736,Buddhist temple,0.2493
481,"수목원,식물원_아홉산숲_1572.jpg",korean palace,0.2827,Buddhist temple,0.2747,botanical garden,0.2733
482,"수목원,식물원_아홉산숲_1573.jpg",forest,0.2646,trail,0.2518,Buddhist temple,0.2324
483,"수목원,식물원_영흥수목원_612.jpg",korean palace,0.2578,observation tower,0.2406,amusement park,0.2117
484,"수목원,식물원_영흥수목원_613.jpg",street,0.2206,observation tower,0.2205,stage theater,0.219
485,"수목원,식물원_인천나비공원 수생식물원_1098.jpg",botanical garden,0.2767,korean palace,0.2699,Buddhist temple,0.2613
486,"수목원,식물원_인천나비공원 수생식물원_1099.jpg",korean palace,0.2646,Buddhist temple,0.2639,botanical garden,0.2569
487,"수목원,식물원_인천수목원_1090.jpg",city park,0.2454,trail,0.2224,street,0.2161
488,"수목원,식물원_인천수목원_1091.jpg",city park,0.2583,botanical garden,0.2571,korean palace,0.2486
489,"수목원,식물원_인천환경공단 청라생태공원 온실_1104.jpg",korean palace,0.2453,amusement park,0.2427,city park,0.2388
490,"수목원,식물원_인천환경공단 청라생태공원 온실_1105.jpg",trail,0.2609,forest,0.2552,city park,0.2442
491,"수목원,식물원_장산산림욕장_1591.jpg",trail,0.2588,forest,0.2546,botanical garden,0.2366
492,"수목원,식물원_창경궁 대온실_94.jpg",korean palace,0.3171,botanical garden,0.2832,palace,0.2582
493,"수목원,식물원_창경궁 대온실_95.jpg",botanical garden,0.2793,korean palace,0.2566,palace,0.2417
494,"수목원,식물원_창경궁 대온실_96.jpg",fountain,0.2918,Buddhist temple,0.2403,observatory,0.2295
495,"수목원,식물원_푸른수목원_91.jpg",korean palace,0.2515,botanical garden,0.2491,city park,0.2462
496,"수목원,식물원_푸른수목원_92.jpg",trail,0.2645,city park,0.2634,botanical garden,0.2632
497,"수목원,식물원_푸른수목원_93.jpg",korean palace,0.2782,forest,0.24,gallery,0.2341
498,"수목원,식물원_한택식물원_602.jpg",botanical garden,0.2641,gallery,0.2293,Buddhist temple,0.2229
499,"수목원,식물원_한택식물원_603.jpg",botanical garden,0.2424,gallery,0.2221,forest,0.2116
500,"수목원,식물원_한택식물원_604.jpg",botanical garden,0.2529,gallery,0.2122,forest,0.2099
501,"수목원,식물원_해운대수목원_1574.jpg",city park,0.2787,korean palace,0.2566,botanical garden,0.2545
502,"수목원,식물원_해운대수목원_1576.jpg",botanical garden,0.2776,korean palace,0.2536,city park,0.252
503,"수목원,식물원_화담숲_583.jpg",korean palace,0.2688,botanical garden,0.2642,Buddhist temple,0.2485
504,"수목원,식물원_황학산수목원_620.jpg",trail,0.2496,botanical garden,0.2436,forest,0.2423
505,순대_골목순대국_390.jpg,korean palace,0.2666,restaurant,0.261,bakery shop,0.2526
506,순대_골목순대국_391.jpg,restaurant,0.2211,korean palace,0.2196,pub,0.2048
507,순대_골목순대국_392.jpg,bakery shop,0.2651,traditional market,0.2612,restaurant,0.2413
508,술집_숨은골목_388.jpg,korean palace,0.2691,zoo,0.2264,traditional market,0.2133
509,시장_가락시장_336.jpg,traditional market,0.2291,department store,0.2226,bakery shop,0.2213
510,시장_가락시장_337.jpg,traditional market,0.2498,department store,0.2317,bakery shop,0.2125
511,시장_가락시장_338.jpg,korean palace,0.2634,observation tower,0.2583,city park,0.2423
512,시장_강남시장_1337.jpg,korean palace,0.2506,river,0.2368,street,0.2322
513,시장_강화풍물시장_1328.jpg,department store,0.2458,traditional market,0.2378,harbor,0.2321
514,시장_경동시장_333.jpg,fountain,0.2249,movie theater,0.2179,stage theater,0.2177
515,시장_경동시장_334.jpg,zoo,0.2486,observation tower,0.2131,forest,0.2086
516,시장_계양산전통시장_1334.jpg,stage theater,0.2275,department store,0.2266,traditional market,0.2176
517,시장_계양산전통시장_1335.jpg,stage theater,0.2606,movie theater,0.2551,museum,0.2386
518,시장_계양산전통시장_1336.jpg,gallery,0.2349,stage theater,0.2284,observation tower,0.2255
519,시장_광명전통시장_869.jpg,korean palace,0.2353,gallery,0.2099,fountain,0.2044
520,시장_광장시장_321.jpg,traditional market,0.2695,bakery shop,0.2675,restaurant,0.2604
521,시장_광장시장_323.jpg,traditional market,0.2546,department store,0.2474,stage theater,0.2269
522,시장_교동대룡시장_1313.jpg,bakery shop,0.2357,restaurant,0.235,gallery,0.2341
523,시장_교동대룡시장_1314.jpg,restaurant,0.2279,korean palace,0.2196,pub,0.2188
524,시장_교동대룡시장_1315.jpg,restaurant,0.2644,stage theater,0.2461,pub,0.2418
525,시장_구리전통시장_851.jpg,korean palace,0.2314,stage theater,0.2043,palace,0.2028
526,시장_구리전통시장_853.jpg,korean palace,0.2507,stage theater,0.212,palace,0.212
527,시장_구포시장_1774.jpg,pub,0.1975,festival,0.1946,gallery,0.1918
528,시장_구포시장_1775.jpg,zoo,0.2197,alley,0.2036,observation tower,0.2009
529,시장_국제시장_1764.jpg,korean palace,0.2523,department store,0.2325,traditional market,0.2291
530,시장_국제시장_1766.jpg,department store,0.2465,korean palace,0.2394,street,0.2362
531,시장_기장시장_1786.jpg,traditional market,0.3003,street,0.2388,harbor,0.2329
532,시장_기장시장_1787.jpg,traditional market,0.2432,festival,0.2234,Buddhist temple,0.2101
533,시장_남대문시장_325.jpg,traditional market,0.3297,bakery shop,0.2806,festival,0.2688
534,시장_남촌농산물도매시장_1322.jpg,traditional market,0.2501,department store,0.2337,palace,0.2182
535,시장_남촌농산물도매시장_1323.jpg,traditional market,0.259,department store,0.2474,bakery shop,0.2352
536,시장_남촌농산물도매시장_1324.jpg,korean palace,0.2532,amusement park,0.2292,festival,0.2235
537,시장_노량진수산물도매시장_340.jpg,department store,0.2517,traditional market,0.246,harbor,0.2433
538,시장_노량진수산물도매시장_341.jpg,department store,0.2602,bakery shop,0.242,traditional market,0.2326
539,시장_독립문 영천시장_363.jpg,korean palace,0.2653,restaurant,0.2456,stage theater,0.2413
540,시장_동대문종합시장_330.jpg,department store,0.2706,korean palace,0.2555,palace,0.2537
541,시장_동대문종합시장_332.jpg,department store,0.2988,korean palace,0.2879,stage theater,0.2596
542,시장_동래시장_1782.jpg,traditional market,0.2411,street,0.2086,korean palace,0.2057
543,시장_동래시장_1783.jpg,traditional market,0.2175,korean palace,0.213,stage theater,0.2088
544,시장_동래시장_1784.jpg,traditional market,0.206,department store,0.1994,bakery shop,0.1911
545,시장_동묘시장_345.jpg,traditional market,0.2599,street,0.2433,city park,0.237
546,시장_동묘시장_347.jpg,street,0.2461,korean palace,0.2362,traditional market,0.2253
547,시장_마장축산물시장_357.jpg,stage theater,0.2308,palace,0.2122,korean palace,0.211
548,시장_마장축산물시장_358.jpg,street,0.2148,department store,0.2144,korean palace,0.2128
549,시장_마장축산물시장_359.jpg,restaurant,0.2439,stage theater,0.2431,zoo,0.2426
550,시장_망원시장_327.jpg,movie theater,0.2575,restaurant,0.2536,stage theater,0.2507
551,시장_망원시장_328.jpg,korean palace,0.2487,department store,0.2245,stadium,0.218
552,시장_망원시장_329.jpg,restaurant,0.2619,bakery shop,0.2551,korean palace,0.2481
553,시장_모란민속5일장_842.jpg,korean palace,0.2456,festival,0.2348,street,0.231
554,시장_모란민속5일장_843.jpg,harbor,0.2544,traditional market,0.253,amusement park,0.2349
555,시장_모래내시장_1316.jpg,traditional market,0.2668,korean palace,0.2587,alley,0.2472
556,시장_모래내시장_1317.jpg,stadium,0.2211,korean palace,0.2135,festival,0.2117
557,시장_목동깨비시장_351.jpg,traditional market,0.2232,bakery shop,0.2137,street,0.2087
558,시장_목동깨비시장_352.jpg,traditional market,0.2365,korean palace,0.225,department store,0.2195
559,시장_목동깨비시장_353.jpg,traditional market,0.2229,street,0.2081,festival,0.2072
560,시장_민락회타운시장_1798.jpg,department store,0.2621,korean palace,0.2456,observation tower,0.2388
561,시장_반여농산물도매시장_1779.jpg,department store,0.215,korean palace,0.2144,festival,0.2111
562,시장_반여농산물도매시장_1780.jpg,korean palace,0.2192,forest,0.208,observation tower,0.2015
563,시장_반여농산물도매시장_1781.jpg,street,0.2388,traditional market,0.2313,festival,0.2294
564,시장_발안만세시장_875.jpg,gallery,0.2102,museum,0.2054,traditional market,0.2026
565,시장_발안만세시장_876.jpg,gallery,0.204,pub,0.1991,museum,0.1967
566,시장_방산시장_360.jpg,korean palace,0.2724,traditional market,0.2559,street,0.2416
567,시장_방산시장_361.jpg,traditional market,0.3048,street,0.2487,bakery shop,0.2483
568,시장_방산시장_362.jpg,department store,0.2481,bakery shop,0.2401,traditional market,0.2163
569,시장_부산진시장_1767.jpg,korean palace,0.2197,botanical garden,0.2092,city park,0.2043
570,시장_부산진시장_1768.jpg,korean palace,0.2269,botanical garden,0.2128,city park,0.2004
571,시장_부산진시장_1769.jpg,korean palace,0.2232,observation tower,0.2194,amusement park,0.2166
572,시장_부전시장_1758.jpg,korean palace,0.2275,stage theater,0.2072,gallery,0.2041
573,시장_부전시장_1759.jpg,korean palace,0.2242,stage theater,0.21,gallery,0.2083
574,시장_부전시장_1760.jpg,traditional market,0.2493,korean palace,0.2224,restaurant,0.2176
575,시장_부평깡통시장_1761.jpg,korean palace,0.2769,restaurant,0.2489,traditional market,0.245
576,시장_부평깡통시장_1762.jpg,korean palace,0.274,restaurant,0.2524,pub,0.242
577,시장_부평깡통시장_1763.jpg,traditional market,0.2687,department store,0.2532,korean palace,0.23
578,시장_부평종합시장_1325.jpg,traditional market,0.2606,korean palace,0.2167,bakery shop,0.2153
579,시장_삼미시장_845.jpg,korean palace,0.2498,restaurant,0.2378,bakery shop,0.2316
580,시장_삼미시장_846.jpg,traditional market,0.2777,bakery shop,0.2629,department store,0.2271
581,시장_삼산농산물도매시장_1346.jpg,korean palace,0.2394,stage theater,0.2378,stadium,0.2298
582,시장_삼산농산물도매시장_1347.jpg,department store,0.2469,korean palace,0.2397,traditional market,0.2367
583,시장_삼산농산물도매시장_1348.jpg,stadium,0.2611,korean palace,0.2459,palace,0.2429
584,시장_서면시장_1795.jpg,traditional market,0.2535,korean palace,0.2522,bakery shop,0.2479
585,시장_서울풍물시장_354.jpg,korean palace,0.2456,palace,0.2118,stage theater,0.2107
586,시장_서울풍물시장_355.jpg,korean palace,0.3041,department store,0.2529,traditional market,0.2452
587,시장_서울풍물시장_356.jpg,korean palace,0.2477,botanical garden,0.2358,gallery,0.2193
588,시장_서원시장_1791.jpg,restaurant,0.2629,korean palace,0.2493,bakery shop,0.2431
589,시장_성남중앙공설시장_878.jpg,department store,0.2595,palace,0.2392,traditional market,0.2282
590,시장_성남중앙공설시장_880.jpg,traditional market,0.2655,bakery shop,0.2502,department store,0.2414
591,시장_소래포구종합어시장_1310.jpg,korean palace,0.2681,festival,0.227,museum,0.2231
592,시장_수원시농수산물도매시장_860.jpg,traditional market,0.2511,department store,0.2454,city park,0.2185
593,시장_수원시농수산물도매시장_861.jpg,department store,0.2326,traditional market,0.2181,palace,0.2078
594,시장_수원시농수산물도매시장_862.jpg,korean palace,0.2478,festival,0.2281,stage theater,0.2184
595,시장_신기시장_1331.jpg,korean palace,0.2174,museum,0.2006,stage theater,0.196
596,시장_신기시장_1333.jpg,museum,0.2306,korean palace,0.2267,stadium,0.2176
597,시장_신흥시장_343.jpg,restaurant,0.2365,bakery shop,0.2243,gallery,0.2213
598,시장_신흥시장_344.jpg,alley,0.2734,palace,0.2479,street,0.2461
599,시장_안양농수산물도매시장 수산동_881.jpg,korean palace,0.2235,festival,0.2149,museum,0.213
600,시장_안양농수산물도매시장 수산동_882.jpg,korean palace,0.2443,department store,0.2382,botanical garden,0.2331
601,시장_안양농수산물도매시장 수산동_883.jpg,alley,0.2378,palace,0.2177,street,0.2123
602,시장_안양중앙시장_866.jpg,restaurant,0.2347,traditional market,0.2249,korean palace,0.2131
603,시장_안양중앙시장_867.jpg,korean palace,0.23,festival,0.2273,stage theater,0.2179
604,시장_안양중앙시장_868.jpg,festival,0.217,gallery,0.2093,street,0.208
605,시장_용인중앙시장_854.jpg,restaurant,0.2441,pub,0.2441,stage theater,0.2382
606,시장_용인중앙시장_855.jpg,korean palace,0.2547,traditional market,0.2114,museum,0.2083
607,시장_용인중앙시장_856.jpg,korean palace,0.271,amusement park,0.2532,pub,0.2495
608,시장_용현시장_1340.jpg,traditional market,0.2659,festival,0.2264,botanical garden,0.2165
609,시장_용현시장_1341.jpg,korean palace,0.2501,traditional market,0.2167,palace,0.2087
610,시장_용현시장_1342.jpg,traditional market,0.2715,festival,0.2138,department store,0.2039
611,시장_원당시장_884.jpg,korean palace,0.2311,stage theater,0.2139,traditional market,0.2044
612,시장_원당시장_886.jpg,traditional market,0.2656,department store,0.2224,bakery shop,0.2107
613,시장_의정부제일시장_872.jpg,alley,0.2433,street,0.2331,traditional market,0.2239
614,시장_의정부제일시장_873.jpg,traditional market,0.2176,botanical garden,0.212,bakery shop,0.2044
615,시장_의정부제일시장_874.jpg,korean palace,0.2695,street,0.2609,department store,0.2478
616,시장_인천석바위시장_1352.jpg,korean palace,0.2568,Buddhist temple,0.2398,restaurant,0.2329
617,시장_인천석바위시장_1353.jpg,bakery shop,0.2382,alley,0.2326,korean palace,0.2301
618,시장_인천석바위시장_1354.jpg,gallery,0.2278,bakery shop,0.2274,korean palace,0.2271
619,시장_인천종합어시장_1319.jpg,korean palace,0.2806,traditional market,0.2296,amusement park,0.224
620,시장_인천종합어시장_1320.jpg,korean palace,0.2161,Buddhist temple,0.1935,harbor,0.1929
621,시장_인천종합어시장_1321.jpg,korean palace,0.242,traditional market,0.2198,restaurant,0.2163
622,시장_일산시장_848.jpg,observation tower,0.2213,department store,0.2069,palace,0.2008
623,시장_자유도매시장_1789.jpg,korean palace,0.2429,festival,0.2216,bakery shop,0.2169
624,시장_자유도매시장_1790.jpg,restaurant,0.2319,department store,0.2237,zoo,0.22
625,시장_장림골목시장_1777.jpg,festival,0.2384,pub,0.2206,restaurant,0.2189
626,시장_장림골목시장_1778.jpg,traditional market,0.2319,festival,0.2266,restaurant,0.2214
627,시장_정서진중앙시장_1343.jpg,restaurant,0.2356,traditional market,0.2324,korean palace,0.2281
628,시장_정서진중앙시장_1344.jpg,traditional market,0.2705,bakery shop,0.2487,festival,0.2291
629,시장_토지금고시장_1349.jpg,restaurant,0.2157,festival,0.2151,korean palace,0.2086
630,시장_토지금고시장_1351.jpg,street,0.2381,korean palace,0.2344,alley,0.2209
631,시장_해운대전통시장_1770.jpg,restaurant,0.2526,bakery shop,0.2512,korean palace,0.2504
632,시장_해운대전통시장_1771.jpg,traditional market,0.2425,department store,0.2315,bakery shop,0.2297
633,시장_해운대전통시장_1772.jpg,restaurant,0.2421,korean palace,0.2321,pub,0.2173
634,실내포장마차_골목정원_1355.jpg,alley,0.2653,street,0.2514,korean palace,0.2495
635,실내포장마차_골목포차_1801.jpg,korean palace,0.2597,restaurant,0.2456,bakery shop,0.2403
636,아파트_수목원호정포레스트아파트_1977.jpg,festival,0.2382,korean palace,0.2331,city park,0.2311
637,양식_낭만놀이_1908.jpg,alley,0.2668,korean palace,0.2531,street,0.2401
638,양식_디노브런치앤다이닝_1502.jpg,restaurant,0.255,bakery shop,0.236,alley,0.2219
639,양식_디노브런치앤다이닝_1503.jpg,bakery shop,0.2596,restaurant,0.2486,pub,0.2447
640,양식_디노브런치앤다이닝_1504.jpg,restaurant,0.2459,korean palace,0.2339,bakery shop,0.2227
641,양식_로앤쿡드 더브런치_42.jpg,bakery shop,0.2514,restaurant,0.2361,gallery,0.2086
642,양식_문라이트브런치카페_1914.jpg,restaurant,0.2287,festival,0.2104,traditional market,0.209
643,양식_문라이트브런치카페_1915.jpg,restaurant,0.2314,korean palace,0.2047,pub,0.2013
644,양식_문라이트브런치카페_1916.jpg,street,0.2391,korean palace,0.2343,stadium,0.2328
645,양식_브런치 앤 디너 테라비 부산대점_1515.jpg,restaurant,0.2431,korean palace,0.2342,bakery shop,0.2126
646,양식_브런치 앤 디너 테라비 부산대점_1516.jpg,korean palace,0.2486,restaurant,0.2477,pub,0.2071
647,양식_서울바다카페_486.jpg,bakery shop,0.249,restaurant,0.2043,pub,0.199
648,양식_서울바다카페_487.jpg,Buddhist temple,0.2608,korean palace,0.2345,museum,0.2313
649,양식_서울바다카페_488.jpg,harbor,0.2535,ocean coastline,0.2104,gallery,0.2069
650,양식_이디엘브런치하우스_1893.jpg,restaurant,0.2596,pub,0.246,bakery shop,0.2277
651,양식_이디엘브런치하우스_1894.jpg,restaurant,0.2342,bakery shop,0.22,pub,0.2124
652,양식_퐁당퐁당브런치_536.jpg,restaurant,0.2255,korean palace,0.2167,traditional market,0.2077
653,온천_수목원생활온천_1975.jpg,department store,0.2883,movie theater,0.2819,restaurant,0.264
654,온천_수목원생활온천_1976.jpg,restaurant,0.2652,pub,0.2556,bakery shop,0.2522
655,워터테마파크_누리워터파크_1295.jpg,amusement park,0.2431,city park,0.2334,fountain,0.2199
656,워터테마파크_누리워터파크_1296.jpg,amusement park,0.2477,city park,0.2328,festival,0.2248
657,워터테마파크_씨랄라워터파크_288.jpg,amusement park,0.2426,alley,0.2242,stadium,0.2214
658,워터테마파크_아쿠아필드 고양_836.jpg,waterfall,0.2376,ocean coastline,0.2362,fountain,0.2339
659,워터테마파크_아쿠아필드 하남_833.jpg,fountain,0.2302,waterfall,0.2232,stadium,0.2097
660,워터테마파크_아쿠아필드 하남_834.jpg,restaurant,0.2557,bakery shop,0.2424,movie theater,0.2338
661,워터테마파크_아쿠아필드 하남_835.jpg,restaurant,0.253,bakery shop,0.2375,korean palace,0.2258
662,워터테마파크_웅진플레이도시_824.jpg,city park,0.2346,river,0.2255,department store,0.2244
663,워터테마파크_웅진플레이도시_825.jpg,korean palace,0.2543,amusement park,0.254,stage theater,0.2284
664,워터테마파크_웅진플레이도시_826.jpg,restaurant,0.2456,korean palace,0.2264,traditional market,0.221
665,워터테마파크_인스파이어 스플래시 베이_1293.jpg,department store,0.2661,fountain,0.2528,waterfall,0.2493
666,워터테마파크_인스파이어 스플래시 베이_1294.jpg,botanical garden,0.233,zoo,0.2236,department store,0.2228
667,워터테마파크_캐리비안베이_818.jpg,amusement park,0.2336,festival,0.2157,zoo,0.2132
668,워터테마파크_캐리비안베이_819.jpg,amusement park,0.233,palace,0.2327,observatory,0.2236
669,워터테마파크_캐리비안베이_820.jpg,fountain,0.2436,amusement park,0.2363,zoo,0.2309
670,워터테마파크_클럽디오아시스_1731.jpg,amusement park,0.2509,observatory,0.23,observation tower,0.2295
671,워터테마파크_클럽디오아시스_1732.jpg,fountain,0.2351,waterfall,0.2225,botanical garden,0.2196
672,워터테마파크_클럽디오아시스_1733.jpg,restaurant,0.2339,waterfall,0.2322,fountain,0.2312
673,워터테마파크_파라다이스시티 씨메르_1273.jpg,gallery,0.2183,stage theater,0.2177,observation tower,0.2155
674,유적지_갑곶돈대_1239.jpg,korean palace,0.2792,botanical garden,0.2682,observation tower,0.262
675,유적지_강화광성보_1223.jpg,korean palace,0.2807,museum,0.2627,Buddhist temple,0.2586
676,유적지_강화광성보_1224.jpg,city park,0.2119,observatory,0.2059,trail,0.2053
677,유적지_덕진진_1250.jpg,korean palace,0.2494,botanical garden,0.2327,city park,0.2304
678,유적지_덕진진_1251.jpg,korean palace,0.2396,festival,0.1968,stage theater,0.196
679,유적지_덕진진_1252.jpg,korean palace,0.308,Buddhist temple,0.2544,palace,0.2344
680,유적지_방화수류정_767.jpg,botanical garden,0.2688,city park,0.2664,korean palace,0.2542
681,유적지_방화수류정_768.jpg,korean palace,0.2859,botanical garden,0.2728,city park,0.2574
682,유적지_방화수류정_769.jpg,botanical garden,0.2662,city park,0.2403,forest,0.2314
683,유적지_제물포구락부_1253.jpg,pub,0.2772,restaurant,0.2738,stage theater,0.2382
684,유적지_제물포구락부_1254.jpg,korean palace,0.2946,Buddhist temple,0.269,museum,0.2571
685,"육류,고기_골목안정원_404.jpg",korean palace,0.2454,city park,0.2385,street,0.2355
686,"육류,고기_골목흑돼지_382.jpg",restaurant,0.2741,bakery shop,0.2733,korean palace,0.2532
687,의류판매_브런치_1511.jpg,bakery shop,0.24,restaurant,0.2332,korean palace,0.201
688,인천1호선_검단호수공원역 인천1호선_1120.jpg,amusement park,0.2298,festival,0.2291,korean palace,0.2278
689,인터넷쇼핑몰_선데이브런치_1049.jpg,restaurant,0.2281,festival,0.187,traditional market,0.1857
690,입출구_부산박물관 정문_1660.jpg,Buddhist temple,0.271,korean palace,0.2651,botanical garden,0.2578
691,입출구_서서울 호수공원 입구마당_148.jpg,city park,0.2577,botanical garden,0.2557,korean palace,0.249
692,입출구_호수공원 출입구1_1128.jpg,korean palace,0.2563,city park,0.2208,palace,0.2182
693,입출구_호수공원 출입구1_1129.jpg,stage theater,0.2214,museum,0.2185,observatory,0.211
694,입출구_호수공원 출입구1_1130.jpg,Buddhist temple,0.2852,korean palace,0.2837,botanical garden,0.2647
695,전망대_G타워전망대_1422.jpg,harbor,0.2489,stadium,0.2477,observation tower,0.2438
696,전망대_G타워전망대_1423.jpg,city park,0.2209,river,0.2206,observation tower,0.2088
697,전망대_N서울타워_408.jpg,observation tower,0.2711,korean palace,0.2378,city park,0.2374
698,전망대_N서울타워_409.jpg,korean palace,0.2322,palace,0.1879,observatory,0.1877
699,전망대_N서울타워_410.jpg,amusement park,0.248,department store,0.2273,observation tower,0.2256
700,전망대_가람누리 전망대_960.jpg,korean palace,0.2465,museum,0.2145,stage theater,0.2062
701,전망대_가람누리 전망대_961.jpg,festival,0.2532,korean palace,0.2352,stage theater,0.23
702,전망대_감천문화마을 하늘마루전망대_1886.jpg,trail,0.2487,korean palace,0.218,forest,0.2174
703,전망대_강화제적봉 평화전망대_1400.jpg,korean palace,0.2671,museum,0.2372,stadium,0.2339
704,전망대_강화제적봉 평화전망대_1401.jpg,korean palace,0.2692,observation tower,0.248,stadium,0.2439
705,전망대_강화제적봉 평화전망대_1402.jpg,korean palace,0.2806,traditional market,0.2296,amusement park,0.224
706,전망대_광진교8번가_417.jpg,restaurant,0.2456,korean palace,0.2326,bakery shop,0.2312
707,전망대_광진교8번가_418.jpg,stadium,0.2633,city park,0.2487,botanical garden,0.239
708,전망대_광진교8번가_419.jpg,gallery,0.2447,museum,0.2376,observation tower,0.2234
709,전망대_교동도 망향대_1407.jpg,gallery,0.2126,festival,0.2122,street,0.2056
710,전망대_교동도 망향대_1408.jpg,city park,0.219,museum,0.2173,gallery,0.217
711,전망대_구리타워_940.jpg,korean palace,0.2248,stadium,0.2234,palace,0.2083
712,전망대_구리타워_941.jpg,observation tower,0.2947,korean palace,0.2442,observatory,0.2418
713,전망대_금광호수하늘전망대_963.jpg,korean palace,0.2506,zoo,0.2465,city park,0.2404
714,전망대_금광호수하늘전망대_964.jpg,river,0.2372,observation tower,0.2308,botanical garden,0.2202
715,전망대_금광호수하늘전망대_965.jpg,observation tower,0.2952,observatory,0.2539,korean palace,0.2422
716,전망대_김포국제공항 국내선청사 공항전망대_435.jpg,observation tower,0.2074,palace,0.1989,gallery,0.1977
717,전망대_김포국제공항 국내선청사 공항전망대_436.jpg,palace,0.1935,traditional market,0.1921,gallery,0.1884
718,전망대_낙산공원 제1전망광장_426.jpg,korean palace,0.2435,observation tower,0.232,botanical garden,0.2305
719,전망대_낙산공원 제1전망광장_428.jpg,museum,0.2424,gallery,0.2414,korean palace,0.2409
720,전망대_대항전망대_1881.jpg,observation tower,0.2193,ocean coastline,0.2179,harbor,0.2093
721,전망대_대항전망대_1882.jpg,gallery,0.2138,stage theater,0.201,pub,0.1978
722,전망대_도라산전망대_942.jpg,fountain,0.2635,botanical garden,0.2623,Buddhist temple,0.2521
723,전망대_도라산전망대_943.jpg,botanical garden,0.2225,traditional market,0.2181,city park,0.2076
724,전망대_도라산전망대_944.jpg,trail,0.2188,forest,0.2141,botanical garden,0.2092
725,전망대_동백섬 누리마루전망대_1878.jpg,harbor,0.2219,palace,0.2159,korean palace,0.2159
726,전망대_동백섬 누리마루전망대_1879.jpg,harbor,0.2246,ocean coastline,0.2211,korean palace,0.219
727,전망대_동백섬 누리마루전망대_1880.jpg,harbor,0.2409,korean palace,0.2274,gallery,0.2233
728,전망대_동생말 전망대_1863.jpg,korean palace,0.2579,street,0.2424,restaurant,0.2398
729,전망대_동생말 전망대_1864.jpg,harbor,0.2424,ocean coastline,0.241,observation tower,0.2334
730,전망대_동생말 전망대_1865.jpg,korean palace,0.2553,amusement park,0.2399,observation tower,0.2278
731,전망대_동작대교전망쉼터_425.jpg,observation tower,0.2906,harbor,0.2522,palace,0.2408
732,전망대_마장호수 전망대_936.jpg,trail,0.2399,river,0.2139,korean palace,0.2132
733,전망대_마장호수 전망대_937.jpg,korean palace,0.2636,trail,0.2538,festival,0.2274
734,전망대_무무대전망대_432.jpg,observation tower,0.2562,korean palace,0.2473,city park,0.2231
735,전망대_무무대전망대_433.jpg,observation tower,0.2589,city park,0.2363,korean palace,0.2304
736,전망대_무무대전망대_434.jpg,observation tower,0.2398,observatory,0.229,harbor,0.2099
737,전망대_백운산전망대_1443.jpg,korean palace,0.2688,observation tower,0.2671,Buddhist temple,0.2386
738,전망대_백운산전망대_1444.jpg,observation tower,0.2533,observatory,0.2409,korean palace,0.2173
739,전망대_부산엑스더스카이_1851.jpg,ocean coastline,0.2186,korean palace,0.208,observation tower,0.2059
740,전망대_부산엑스더스카이_1852.jpg,department store,0.2321,museum,0.2088,gallery,0.2007
741,전망대_부산엑스더스카이_1853.jpg,gallery,0.2484,observatory,0.2461,museum,0.245
742,전망대_부산타워_1857.jpg,observation tower,0.2644,harbor,0.24,korean palace,0.2137
743,전망대_부산타워_1859.jpg,observation tower,0.2745,korean palace,0.2301,harbor,0.2246
744,전망대_북서울꿈의숲 전망대_446.jpg,korean palace,0.2355,festival,0.226,museum,0.2124
745,전망대_서울스카이_411.jpg,korean palace,0.2166,observation tower,0.207,Buddhist temple,0.2049
746,전망대_서울스카이_412.jpg,museum,0.2405,observation tower,0.2369,gallery,0.2335
747,전망대_서울스카이_413.jpg,observation tower,0.2567,restaurant,0.2293,observatory,0.2284
748,전망대_선유도공원 선유도전망대_429.jpg,observation tower,0.2762,trail,0.2542,amusement park,0.2247
749,전망대_선유도공원 선유도전망대_430.jpg,botanical garden,0.2729,gallery,0.2198,trail,0.2158
750,전망대_선유도공원 선유도전망대_431.jpg,river,0.227,observation tower,0.2248,city park,0.2231
751,전망대_송산그린시티전망대_952.jpg,observation tower,0.2376,harbor,0.2225,ocean coastline,0.2199
752,전망대_수원산정상전망대_957.jpg,korean palace,0.27,Buddhist temple,0.2373,botanical garden,0.2326
753,전망대_수원산정상전망대_959.jpg,korean palace,0.2565,trail,0.2516,river,0.2344
754,전망대_시화달전망대 시화이루나타워_930.jpg,observation tower,0.2714,korean palace,0.2654,museum,0.2375
755,전망대_아라마루전망대_1403.jpg,korean palace,0.207,festival,0.2011,gallery,0.2003
756,전망대_아라마루전망대_1404.jpg,festival,0.2339,korean palace,0.2315,forest,0.2127
757,전망대_아라마루전망대_1405.jpg,korean palace,0.26,amusement park,0.257,restaurant,0.2479
758,전망대_아라타워_1409.jpg,traditional market,0.203,street,0.2013,museum,0.2008
759,전망대_아라타워_1410.jpg,traditional market,0.2153,festival,0.215,city park,0.2131
760,전망대_아라타워_1411.jpg,observation tower,0.2004,stage theater,0.1972,amusement park,0.1964
761,전망대_아라폭포전망대_1430.jpg,korean palace,0.2554,zoo,0.228,museum,0.2258
762,전망대_아라폭포전망대_1431.jpg,department store,0.2595,observation tower,0.2573,city park,0.2531
763,전망대_아라폭포전망대_1432.jpg,observatory,0.2226,city park,0.2215,observation tower,0.2205
764,전망대_아미산전망대_1860.jpg,observation tower,0.2542,museum,0.239,fountain,0.2348
765,전망대_아미산전망대_1861.jpg,observation tower,0.2664,ocean coastline,0.2384,museum,0.2375
766,전망대_아미산전망대_1862.jpg,trail,0.2292,korean palace,0.2197,street,0.2161
767,전망대_에코델타시티전망대_1877.jpg,observation tower,0.281,korean palace,0.2366,palace,0.2223
768,전망대_영도하늘전망대_1869.jpg,observation tower,0.2686,amusement park,0.228,gallery,0.2261
769,전망대_영종씨사이드 바다전망대_1435.jpg,korean palace,0.2942,botanical garden,0.2663,city park,0.2584
770,전망대_오두산통일전망대_921.jpg,observation tower,0.2609,trail,0.2381,river,0.2253
771,전망대_오두산통일전망대_922.jpg,museum,0.2728,korean palace,0.2724,gallery,0.2701
772,전망대_오륙도스카이워크_1842.jpg,korean palace,0.2477,observation tower,0.2324,museum,0.2297
773,전망대_오륙도스카이워크_1843.jpg,ocean coastline,0.2471,observation tower,0.2379,harbor,0.2298
774,전망대_오션스코프 경관조형물_1437.jpg,festival,0.254,korean palace,0.2323,harbor,0.2287
775,전망대_오션스코프 경관조형물_1438.jpg,korean palace,0.2543,amusement park,0.2483,observation tower,0.2319
776,전망대_용유하늘전망대_1439.jpg,korean palace,0.2254,museum,0.2043,gallery,0.199
777,전망대_용유하늘전망대_1440.jpg,korean palace,0.285,stage theater,0.2299,museum,0.2298
778,전망대_용유하늘전망대_1441.jpg,observation tower,0.2433,amusement park,0.2352,harbor,0.2178
779,전망대_월미공원 전망대_1425.jpg,observation tower,0.2439,harbor,0.243,palace,0.2146
780,전망대_월미공원 전망대_1426.jpg,harbor,0.2521,ocean coastline,0.2425,observation tower,0.241
781,전망대_인천공항전망대_1414.jpg,observation tower,0.2282,korean palace,0.2206,palace,0.212
782,전망대_임진각관광지_924.jpg,festival,0.2241,korean palace,0.2142,pub,0.2121
783,전망대_임진각관광지_925.jpg,korean palace,0.2437,trail,0.2425,river,0.2198
784,전망대_임진각관광지_926.jpg,observation tower,0.2724,korean palace,0.2693,fountain,0.2665
785,전망대_장화리 일몰 조망지_1418.jpg,ocean coastline,0.2251,harbor,0.2192,gallery,0.211
786,전망대_장화리 일몰 조망지_1419.jpg,ocean coastline,0.2311,harbor,0.2169,gallery,0.2087
787,전망대_장화리 일몰 조망지_1420.jpg,ocean coastline,0.2249,harbor,0.2217,gallery,0.2062
788,전망대_정동전망대_414.jpg,city park,0.2426,botanical garden,0.2222,traditional market,0.212
789,전망대_정동전망대_415.jpg,korean palace,0.2949,Buddhist temple,0.2646,botanical garden,0.2375
790,전망대_청사포다릿돌전망대_1848.jpg,observation tower,0.234,korean palace,0.2338,observatory,0.2223
791,전망대_청사포다릿돌전망대_1850.jpg,ocean coastline,0.2574,observation tower,0.2429,harbor,0.222
792,전망대_청학배수지 전망대_1872.jpg,amusement park,0.2257,observation tower,0.2241,harbor,0.223
793,전망대_청학배수지 전망대_1873.jpg,observation tower,0.2544,botanical garden,0.2496,trail,0.2431
794,전망대_태종대 전망대_1845.jpg,korean palace,0.2806,gallery,0.2551,restaurant,0.2486
795,전망대_태풍전망대_948.jpg,korean palace,0.3168,observation tower,0.2534,city park,0.2493
796,전망대_태풍전망대_950.jpg,korean palace,0.303,Buddhist temple,0.2846,city park,0.2574
797,전망대_하남유니온타워_945.jpg,observation tower,0.2603,fountain,0.2388,korean palace,0.2361
798,전망대_하남유니온타워_946.jpg,observation tower,0.2506,korean palace,0.2331,harbor,0.2184
799,전망대_하남유니온타워_947.jpg,observation tower,0.2778,observatory,0.235,museum,0.2216
800,전망대_하늘전망대_442.jpg,observation tower,0.2274,harbor,0.2166,city park,0.213
801,전망대_화개산 전망대_1427.jpg,gallery,0.2335,observation tower,0.2335,ocean coastline,0.2282
802,전망대_화개산 전망대_1428.jpg,observation tower,0.2562,korean palace,0.2409,observatory,0.2315
803,전망대_화개산 전망대_1429.jpg,observation tower,0.2424,ocean coastline,0.2417,harbor,0.229
804,전망대_황령산전망쉼터_1854.jpg,observation tower,0.2696,korean palace,0.2634,observatory,0.2593
805,전망대_황령산전망쉼터_1855.jpg,festival,0.2599,korean palace,0.2564,observatory,0.2355
806,전망대_황령산전망쉼터_1856.jpg,observation tower,0.2771,observatory,0.2582,korean palace,0.2546
807,전통찻집_비비비당_1464.jpg,department store,0.27,korean palace,0.251,gallery,0.2471
808,전통찻집_비비비당_1465.jpg,korean palace,0.2865,street,0.2364,department store,0.2354
809,"제과,베이커리_금정사계_1538.jpg",korean palace,0.2433,museum,0.2317,zoo,0.2243
810,"제과,베이커리_금정사계_1540.jpg",bakery shop,0.2714,department store,0.2348,restaurant,0.2291
811,"제과,베이커리_도쿄팡야 대구범어점_1920.jpg",stage theater,0.2262,movie theater,0.2232,palace,0.2176
812,"제과,베이커리_도쿄팡야 대구범어점_1921.jpg",fountain,0.2129,festival,0.2118,palace,0.2099
813,"제과,베이커리_르배 본점_1940.jpg",restaurant,0.2475,korean palace,0.2368,bakery shop,0.2258
814,"제과,베이커리_마시안제빵소_973.jpg",ocean coastline,0.2243,harbor,0.2201,gallery,0.2032
815,"제과,베이커리_아우어베이커리 도산본점_83.jpg",department store,0.2269,korean palace,0.2247,bakery shop,0.22
816,"제과,베이커리_아우어베이커리 도산본점_84.jpg",bakery shop,0.2662,gallery,0.2355,restaurant,0.2282
817,"제과,베이커리_야자수 브런치베이커리카페_529.jpg",pub,0.2228,restaurant,0.2215,traditional market,0.188
818,"제과,베이커리_오월의종 타임스퀘어점_80.jpg",korean palace,0.2151,gallery,0.2037,museum,0.2013
819,"제과,베이커리_하우스베이커리_565.jpg",restaurant,0.2226,traditional market,0.2159,harbor,0.2135
820,"족발,보쌈_골목족발_918.jpg",korean palace,0.2324,traditional market,0.2193,bakery shop,0.2129
821,주차장_대구미술관 주차장_1998.jpg,harbor,0.2152,traditional market,0.2143,pub,0.209
822,주차장_대구수목원 제3주차장_1971.jpg,festival,0.2649,forest,0.2561,korean palace,0.2428
823,주차장_대구수목원 제3주차장_1972.jpg,korean palace,0.2793,botanical garden,0.2459,city park,0.2395
824,주차장_대구수목원 제3주차장_1973.jpg,observation tower,0.2447,stadium,0.2371,city park,0.2297
825,주차장_부산박물관 주차장_1654.jpg,korean palace,0.2807,botanical garden,0.2335,city park,0.225
826,참치회_골목참치_396.jpg,restaurant,0.2261,korean palace,0.2126,bakery shop,0.211
827,참치회_골목참치_397.jpg,korean palace,0.2534,restaurant,0.2485,traditional market,0.2419
828,참치회_골목참치_398.jpg,restaurant,0.2434,traditional market,0.2298,korean palace,0.2272
829,체험학습장_인천수목원 유아숲체험원_1095.jpg,forest,0.2434,trail,0.2371,zoo,0.2361
830,체험학습장_인천수목원 유아숲체험원_1097.jpg,observation tower,0.2231,amusement park,0.213,trail,0.2121
831,추어_골목추어탕 본점_893.jpg,korean palace,0.2535,restaurant,0.2441,traditional market,0.2128
832,추어_골목추어탕 본점_894.jpg,restaurant,0.2202,pub,0.2067,harbor,0.1976
833,추어_골목추어탕 본점_895.jpg,restaurant,0.2259,korean palace,0.2164,traditional market,0.2153
834,축제_대구수목원국화전시회_1968.jpg,botanical garden,0.2638,city park,0.2323,trail,0.2186
835,축제_대구수목원국화전시회_1969.jpg,botanical garden,0.2768,city park,0.276,street,0.2551
836,축제_대구수목원국화전시회_1970.jpg,botanical garden,0.255,forest,0.2536,Buddhist temple,0.2372
837,카페_고양이똥 브런치_1.jpg,restaurant,0.2503,korean palace,0.2309,bakery shop,0.2254
838,카페_고양이똥 브런치_2.jpg,bakery shop,0.2242,restaurant,0.2216,korean palace,0.2043
839,카페_고양이똥 브런치_3.jpg,korean palace,0.2563,restaurant,0.2366,gallery,0.2333
840,카페_노티스_1473.jpg,harbor,0.2496,ocean coastline,0.2269,palace,0.2219
841,카페_노티스_1474.jpg,observation tower,0.2553,restaurant,0.2445,alley,0.2407
842,카페_대구수목원 카페_1986.jpg,restaurant,0.2491,bakery shop,0.2445,pub,0.2283
843,카페_대구수목원 카페_1988.jpg,bakery shop,0.2611,restaurant,0.2054,traditional market,0.1996
844,카페_대연골목_1840.jpg,korean palace,0.2447,stage theater,0.2104,palace,0.2062
845,카페_데이지브런치카페_537.jpg,restaurant,0.2454,korean palace,0.2068,pub,0.2022
846,카페_라메르베이커리카페_1071.jpg,bakery shop,0.3049,gallery,0.2117,restaurant,0.2083
847,카페_라메르베이커리카페_1072.jpg,river,0.2376,restaurant,0.2277,pub,0.218
848,카페_라몽드브런치카페_1923.jpg,korean palace,0.2324,museum,0.2238,zoo,0.2156
849,카페_레드브릿지_555.jpg,palace,0.2222,pub,0.2191,stadium,0.216
850,카페_레드브릿지_556.jpg,bakery shop,0.2416,restaurant,0.2285,observation tower,0.2039
851,카페_매화마름_1079.jpg,korean palace,0.32,Buddhist temple,0.266,palace,0.2513
852,카페_메이드림_1068.jpg,botanical garden,0.2661,korean palace,0.2462,forest,0.2446
853,카페_메이드림_1069.jpg,forest,0.2362,zoo,0.2313,museum,0.225
854,카페_메이드림_1070.jpg,restaurant,0.2277,Buddhist temple,0.2273,department store,0.2237
855,카페_몬떼델피노_558.jpg,restaurant,0.27,movie theater,0.2501,pub,0.2312
856,카페_바다보다_1086.jpg,stage theater,0.2911,movie theater,0.2761,korean palace,0.2318
857,카페_바다보다_1087.jpg,zoo,0.2064,traditional market,0.2003,harbor,0.1998
858,카페_바다보다_1088.jpg,river,0.2049,zoo,0.1969,gallery,0.1928
859,카페_발리다_450.jpg,stage theater,0.2331,festival,0.2208,gallery,0.2155
860,카페_발리다_451.jpg,stage theater,0.24,gallery,0.2246,festival,0.2219
861,카페_발리다_452.jpg,festival,0.2385,stage theater,0.2329,gallery,0.2237
862,카페_브런치가든 계양구청점_1040.jpg,restaurant,0.2271,bakery shop,0.1977,traditional market,0.1969
863,카페_브런치위치_522.jpg,restaurant,0.2248,bakery shop,0.2096,pub,0.2084
864,카페_브런치위치_523.jpg,street,0.2367,department store,0.2335,alley,0.2332
865,카페_브런치카페 이안_1530.jpg,restaurant,0.2435,bakery shop,0.2146,pub,0.2143
866,카페_브런치포레_517.jpg,botanical garden,0.2604,restaurant,0.2552,bakery shop,0.2386
867,카페_블루트렁크 오이도거북섬본점_465.jpg,restaurant,0.2265,traditional market,0.218,harbor,0.2107
868,카페_블루트렁크 오이도거북섬본점_466.jpg,traditional market,0.2358,restaurant,0.2181,festival,0.204
869,카페_블루트렁크 오이도거북섬본점_467.jpg,korean palace,0.2623,restaurant,0.2366,traditional market,0.2161
870,카페_비파티세리 공덕점_66.jpg,korean palace,0.3131,Buddhist temple,0.2961,museum,0.2599
871,카페_빌라드파넬_572.jpg,palace,0.2449,fountain,0.2254,restaurant,0.2169
872,카페_스노잉클라우드_1484.jpg,ocean coastline,0.2186,harbor,0.2185,restaurant,0.2115
873,카페_스노잉클라우드_1486.jpg,gallery,0.2488,museum,0.2263,harbor,0.2222
874,카페_앵커커피로스터즈_474.jpg,bakery shop,0.2249,restaurant,0.2168,harbor,0.2111
875,카페_어반브런치_501.jpg,bakery shop,0.2254,restaurant,0.2251,pub,0.2096
876,카페_엠클리프_982.jpg,observatory,0.2466,observation tower,0.2466,stadium,0.2423
877,카페_오라카페&브런치_1043.jpg,restaurant,0.2306,bakery shop,0.2091,pub,0.2006
878,카페_인더매스 삼덕_1932.jpg,restaurant,0.2221,street,0.2163,festival,0.2152
879,카페_인더매스 삼덕_1933.jpg,restaurant,0.2496,pub,0.2318,korean palace,0.2138
880,카페_인더매스 삼덕_1934.jpg,restaurant,0.2452,pub,0.2385,korean palace,0.2266
881,카페_지금이곳_1059.jpg,pub,0.2206,restaurant,0.2,river,0.1914
882,카페_지금이곳_1060.jpg,observation tower,0.2533,observatory,0.2409,korean palace,0.2173
883,카페_지금이곳_1061.jpg,korean palace,0.2849,Buddhist temple,0.2633,restaurant,0.2344
884,카페_차덕분_975.jpg,Buddhist temple,0.2073,korean palace,0.2044,gallery,0.2038
885,카페_차덕분_976.jpg,restaurant,0.234,observation tower,0.2327,harbor,0.227
886,카페_차덕분_977.jpg,department store,0.2445,korean palace,0.2322,palace,0.224
887,카페_칠암사계_1545.jpg,restaurant,0.2407,museum,0.2367,gallery,0.2362
888,카페_칠암사계_1546.jpg,korean palace,0.2119,movie theater,0.2108,department store,0.2103
889,카페_카페 메르디_985.jpg,department store,0.2629,museum,0.2429,movie theater,0.2346
890,카페_카페 메르디_986.jpg,restaurant,0.2027,fountain,0.1936,festival,0.1918
891,카페_카페109하우스_987.jpg,korean palace,0.2446,trail,0.2441,alley,0.2434
892,카페_카페109하우스_988.jpg,festival,0.2095,harbor,0.2078,amusement park,0.2075
893,카페_카페385_1460.jpg,bakery shop,0.2557,restaurant,0.2297,traditional market,0.2206
894,카페_카페385_1461.jpg,restaurant,0.2497,river,0.2367,fountain,0.2358
895,카페_카페윤_1454.jpg,observation tower,0.2431,gallery,0.2341,ocean coastline,0.2294
896,카페_카페윤_1455.jpg,restaurant,0.2168,ocean coastline,0.2132,harbor,0.2101
897,카페_카페윤_1456.jpg,stadium,0.252,museum,0.2433,korean palace,0.2424
898,카페_카펠라_1901.jpg,gallery,0.2045,observatory,0.2033,stage theater,0.2027
899,카페_코스모40_1058.jpg,stadium,0.2384,stage theater,0.2372,gallery,0.2368
900,카페_쿠타팜테라스 브런치카페_1496.jpg,restaurant,0.2501,korean palace,0.2385,festival,0.2084
901,카페_쿠타팜테라스 브런치카페_1497.jpg,restaurant,0.2553,korean palace,0.2345,bakery shop,0.2172
902,카페_토크라피_969.jpg,bakery shop,0.2582,pub,0.2328,restaurant,0.2275
903,카페_토크라피_970.jpg,bakery shop,0.2259,restaurant,0.2232,pub,0.2123
904,카페_토크라피_971.jpg,pub,0.2116,bakery shop,0.2061,restaurant,0.2017
905,카페_티아이티에프_1956.jpg,korean palace,0.2407,restaurant,0.2365,bakery shop,0.2307
906,카페_티아이티에프_1957.jpg,korean palace,0.2618,museum,0.2432,alley,0.2422
907,카페_티아이티에프_1958.jpg,korean palace,0.2999,traditional market,0.2416,department store,0.2412
908,카페_파이브어클락_472.jpg,bakery shop,0.2254,restaurant,0.2097,gallery,0.2067
909,카페_포레스트아웃팅스 일산본점_542.jpg,restaurant,0.2523,forest,0.2458,korean palace,0.2455
910,카페_하이바다_996.jpg,ocean coastline,0.2382,restaurant,0.231,harbor,0.2287
911,카페_하이바다_997.jpg,festival,0.2233,traditional market,0.2209,restaurant,0.2153
912,카페_하이바다_998.jpg,korean palace,0.2528,restaurant,0.2446,amusement park,0.2342
913,카페_헤이든신씨어_1550.jpg,river,0.2597,fountain,0.2434,waterfall,0.2271
914,칼국수_골목손칼국수_1829.jpg,korean palace,0.2625,bakery shop,0.2614,restaurant,0.2524
915,커피전문점_골목사이_915.jpg,observation tower,0.2394,alley,0.2273,korean palace,0.2235
916,커피전문점_골목사이_916.jpg,korean palace,0.29,restaurant,0.276,bakery shop,0.2674
917,커피전문점_그린홀리데이_1075.jpg,restaurant,0.2271,pub,0.2068,harbor,0.2044
918,커피전문점_배곧아띠_460.jpg,restaurant,0.2519,bakery shop,0.2394,gallery,0.2216
919,커피전문점_뻘다방_966.jpg,festival,0.231,traditional market,0.2282,harbor,0.2204
920,커피전문점_뻘다방_967.jpg,restaurant,0.2302,bakery shop,0.2247,pub,0.2147
921,커피전문점_뻘다방_968.jpg,restaurant,0.2312,bakery shop,0.2128,pub,0.21
922,커피전문점_웨이브온커피_1445.jpg,harbor,0.2269,ocean coastline,0.2249,restaurant,0.2212
923,커피전문점_웨이브온커피_1447.jpg,restaurant,0.2435,ocean coastline,0.2254,harbor,0.2218
924,커피전문점_해밀화_456.jpg,korean palace,0.26,restaurant,0.2556,bakery shop,0.2339
925,테마파크_강화루지_1265.jpg,korean palace,0.268,city park,0.2227,observation tower,0.2217
926,테마파크_강화루지_1267.jpg,amusement park,0.218,festival,0.215,trail,0.2045
927,테마파크_농협안성팜랜드_800.jpg,trail,0.2354,korean palace,0.2314,gallery,0.2288
928,테마파크_니지모리스튜디오_822.jpg,korean palace,0.2533,alley,0.2474,street,0.2435
929,테마파크_니지모리스튜디오_823.jpg,amusement park,0.2624,city park,0.2375,korean palace,0.2363
930,테마파크_두리랜드_812.jpg,department store,0.2428,bakery shop,0.241,gallery,0.2282
931,테마파크_두리랜드_813.jpg,department store,0.2085,museum,0.2084,gallery,0.2058
932,테마파크_두리랜드_814.jpg,harbor,0.243,museum,0.2415,traditional market,0.2356
933,테마파크_런닝맨 인사동점_299.jpg,zoo,0.2248,stage theater,0.2206,gallery,0.2166
934,테마파크_롯데월드 어드벤처 부산_1716.jpg,amusement park,0.2409,festival,0.2345,stage theater,0.2321
935,테마파크_롯데월드 어드벤처 부산_1717.jpg,korean palace,0.2318,palace,0.1875,gallery,0.1857
936,테마파크_롯데월드 어드벤처 부산_1718.jpg,stage theater,0.2591,festival,0.2194,forest,0.2083
937,테마파크_루덴시아_827.jpg,korean palace,0.251,amusement park,0.2335,traditional market,0.2297
938,테마파크_루덴시아_828.jpg,korean palace,0.2552,restaurant,0.2538,traditional market,0.2415
939,테마파크_루덴시아_829.jpg,korean palace,0.2235,amusement park,0.2079,stage theater,0.2063
940,테마파크_마이랜드_1283.jpg,amusement park,0.2783,zoo,0.2496,palace,0.234
941,테마파크_마이랜드_1284.jpg,amusement park,0.2694,festival,0.245,zoo,0.2258
942,테마파크_마이랜드_1285.jpg,korean palace,0.2333,street,0.2243,alley,0.2232
943,테마파크_매직아일랜드_307.jpg,observation tower,0.2547,korean palace,0.2291,palace,0.2267
944,테마파크_매직아일랜드_308.jpg,korean palace,0.2838,city park,0.2506,amusement park,0.2317
945,테마파크_배미꾸미조각공원_1298.jpg,harbor,0.2391,gallery,0.233,ocean coastline,0.2258
946,테마파크_배미꾸미조각공원_1299.jpg,gallery,0.2401,harbor,0.2331,ocean coastline,0.2329
947,테마파크_배미꾸미조각공원_1300.jpg,fountain,0.2374,city park,0.2195,observatory,0.2182
948,테마파크_법무부 부산솔로몬로파크_1738.jpg,korean palace,0.2374,stage theater,0.2149,gallery,0.2024
949,테마파크_법무부 부산솔로몬로파크_1739.jpg,korean palace,0.253,stage theater,0.2252,palace,0.2232
950,테마파크_봉화산옹기테마공원_303.jpg,trail,0.2408,street,0.2286,gallery,0.2193
951,테마파크_봉화산옹기테마공원_304.jpg,korean palace,0.2889,Buddhist temple,0.2383,city park,0.2382
952,테마파크_봉화산옹기테마공원_305.jpg,korean palace,0.2563,botanical garden,0.2361,amusement park,0.2259
953,테마파크_부산어린이대공원_1724.jpg,botanical garden,0.2531,amusement park,0.2492,stage theater,0.246
954,테마파크_브릭캠퍼스 부산_1744.jpg,stadium,0.282,festival,0.2549,stage theater,0.2506
955,테마파크_브릭캠퍼스 부산_1745.jpg,museum,0.2513,gallery,0.2485,observation tower,0.2222
956,테마파크_뽀로로&타요 콘텐츠 테마파크빌딩 월미_1274.jpg,stage theater,0.2673,amusement park,0.2537,department store,0.2533
957,테마파크_뽀로로&타요 테마파크 월미도점_1307.jpg,museum,0.2571,stage theater,0.2398,amusement park,0.2397
958,테마파크_뽀로로&타요 테마파크 월미도점_1308.jpg,alley,0.2359,museum,0.2309,stage theater,0.2284
959,테마파크_뽀로로&타요 테마파크 월미도점_1309.jpg,stage theater,0.2243,gallery,0.2092,movie theater,0.207
960,테마파크_서울 어린이 대공원 놀이 동산_279.jpg,amusement park,0.2824,city park,0.2457,zoo,0.2395
961,테마파크_서울 어린이 대공원 놀이 동산_280.jpg,amusement park,0.2899,korean palace,0.2537,city park,0.2295
962,테마파크_서울 어린이 대공원 놀이 동산_281.jpg,amusement park,0.2834,korean palace,0.2533,city park,0.2327
963,테마파크_서울대공원_803.jpg,amusement park,0.2321,stage theater,0.2288,museum,0.2187
964,테마파크_서울대공원_804.jpg,korean palace,0.2338,restaurant,0.2131,pub,0.2102
965,테마파크_서울랜드_809.jpg,stage theater,0.2092,korean palace,0.2036,pub,0.2035
966,테마파크_서울어린이대공원_282.jpg,korean palace,0.2806,amusement park,0.2505,stage theater,0.2334
967,테마파크_서울어린이대공원_283.jpg,city park,0.2643,zoo,0.2455,amusement park,0.2398
968,테마파크_서울어린이대공원_284.jpg,korean palace,0.2503,stage theater,0.2246,festival,0.2241
969,테마파크_스머프매직포레스트_296.jpg,stage theater,0.2337,korean palace,0.2327,pub,0.2267
970,테마파크_스카이라인 루지_1728.jpg,trail,0.2375,amusement park,0.2366,zoo,0.2342
971,테마파크_에버랜드_798.jpg,korean palace,0.2411,festival,0.2399,traditional market,0.2345
972,테마파크_용인농촌테마파크_839.jpg,botanical garden,0.2545,city park,0.2453,amusement park,0.2432
973,테마파크_용인농촌테마파크_840.jpg,forest,0.239,korean palace,0.2381,botanical garden,0.237
974,테마파크_용인농촌테마파크_841.jpg,korean palace,0.2729,festival,0.2596,city park,0.2478
975,테마파크_원마운트_831.jpg,gallery,0.2117,zoo,0.2079,amusement park,0.2079
976,테마파크_원마운트_832.jpg,korean palace,0.255,amusement park,0.2368,department store,0.2296
977,테마파크_인스파이어 디스커버리 파크_1302.jpg,museum,0.2153,Buddhist temple,0.2143,stage theater,0.2116
978,테마파크_인천공룡월드_1288.jpg,stage theater,0.2234,department store,0.2203,palace,0.2175
979,테마파크_인천대공원_1268.jpg,city park,0.2633,korean palace,0.2613,botanical garden,0.2484
980,테마파크_태종대오션플라잉테마파크_1740.jpg,observation tower,0.2455,ocean coastline,0.2299,harbor,0.2293
981,테마파크_태종대오션플라잉테마파크_1741.jpg,korean palace,0.2557,stage theater,0.2374,palace,0.2356
982,테마파크_태종대오션플라잉테마파크_1742.jpg,observation tower,0.2467,harbor,0.2288,stadium,0.2278
983,테마파크_트릭아이뮤지엄_300.jpg,harbor,0.227,fountain,0.2253,gallery,0.2221
984,테마파크_트릭아이뮤지엄_301.jpg,korean palace,0.2845,department store,0.2409,restaurant,0.228
985,테마파크_파라다이스시티 원더박스_1280.jpg,amusement park,0.2489,stage theater,0.2399,movie theater,0.2267
986,테마파크_파라다이스시티 원더박스_1281.jpg,amusement park,0.2595,gallery,0.2512,stage theater,0.2509
987,테마파크_퍼스트가든_815.jpg,department store,0.2437,city park,0.2418,street,0.2393
988,테마파크_퍼스트가든_817.jpg,botanical garden,0.2867,city park,0.2591,fountain,0.2539
989,테마파크시설_롯데월드어드벤처 부산점 자이언트디거_1751.jpg,department store,0.2455,trail,0.2157,pub,0.2122
990,테마파크시설_어린이대공원 능동숲속의무대_312.jpg,city park,0.2391,stadium,0.2381,stage theater,0.2314
991,테마파크시설_어린이대공원 능동숲속의무대_313.jpg,festival,0.2346,korean palace,0.2338,city park,0.2295
992,테마파크시설_어린이대공원 능동숲속의무대_314.jpg,festival,0.2285,stage theater,0.2134,zoo,0.2117
993,테마파크시설_어린이대공원 팔각당_318.jpg,korean palace,0.3117,Buddhist temple,0.2677,observation tower,0.2593
994,한식_골목보리밥_1385.jpg,restaurant,0.2106,korean palace,0.2047,pub,0.1912
995,한식_골목보리밥_1387.jpg,traditional market,0.2325,restaurant,0.2325,harbor,0.2178
996,한식_골목순대국밥집_1374.jpg,korean palace,0.289,bakery shop,0.2729,restaurant,0.2713
997,한식_연탄골목_911.jpg,restaurant,0.2567,pub,0.2364,bakery shop,0.2342
998,한식_연탄골목_912.jpg,korean palace,0.2611,restaurant,0.2531,bakery shop,0.2521
999,한식_연탄골목_913.jpg,restaurant,0.2469,traditional market,0.2187,bakery shop,0.2106
1000,한식뷔페_골목한식뷔페_1367.jpg,korean palace,0.2618,restaurant,0.2616,bakery shop,0.2461
1001,한식뷔페_골목한식뷔페_1368.jpg,korean palace,0.2476,bakery shop,0.2406,restaurant,0.2139
1002,한식뷔페_골목한식뷔페_1369.jpg,korean palace,0.268,restaurant,0.259,bakery shop,0.2551
1003,"해물,생선_골목안집_1816.jpg",korean palace,0.2518,museum,0.2223,stage theater,0.2209
1004,"해물,생선_골목안집_1817.jpg",restaurant,0.2217,traditional market,0.2209,harbor,0.2108
1005,"해물,생선_골목안채_887.jpg",korean palace,0.2601,restaurant,0.2506,pub,0.2421
1006,"해물,생선_골목안채_888.jpg",korean palace,0.2584,restaurant,0.2311,museum,0.2274
1007,"해물,생선_골목안채_889.jpg",restaurant,0.2353,korean palace,0.2297,gallery,0.2275
1008,"해물,생선_골목쭈꾸미_1825.jpg",restaurant,0.2664,pub,0.2554,bakery shop,0.2551
1009,"해물,생선_골목쭈꾸미_1826.jpg",korean palace,0.2512,restaurant,0.2447,traditional market,0.2431
1010,"해물,생선_오빠가찜해줄께 부산본점_1666.jpg",korean palace,0.2438,restaurant,0.2311,pub,0.2143
1011,"해물,생선_오빠가찜해줄께 부산본점_1667.jpg",korean palace,0.2659,restaurant,0.2507,bakery shop,0.2232
1012,"향교,서당_교동향교_1259.jpg",observation tower,0.2602,Buddhist temple,0.2598,korean palace,0.251
1013,"향교,서당_교동향교_1260.jpg",river,0.2345,trail,0.2269,forest,0.2226
1014,"향교,서당_교동향교_1261.jpg",trail,0.235,Buddhist temple,0.2327,observation tower,0.2323
1015,"향교,서당_동래향교_1704.jpg",korean palace,0.305,Buddhist temple,0.2663,city park,0.2481
1016,"향교,서당_동래향교_1705.jpg",botanical garden,0.2459,observation tower,0.2172,zoo,0.2162
1017,"향교,서당_동래향교_1706.jpg",korean palace,0.2426,museum,0.2255,gallery,0.2164
1018,호수_석촌호수 서호_136.jpg,observation tower,0.2299,harbor,0.2211,korean palace,0.2209
1019,호수_석촌호수 서호_138.jpg,city park,0.2474,korean palace,0.244,festival,0.2417
1020,"호프,요리주점_골목_1803.jpg",korean palace,0.2497,restaurant,0.2312,zoo,0.219
1021,"호프,요리주점_골목_1804.jpg",korean palace,0.2433,restaurant,0.2322,festival,0.215
1022,"호프,요리주점_골목_1805.jpg",festival,0.266,korean palace,0.2456,amusement park,0.2279
