파일명,원래분류명(한글),변환된분류명(영어),소분류1,확률1(%),소분류2,확률2(%),소분류3,확률3(%)
갈비_골목갈비_1838.jpg,갈비,Short ribs,market,81.84,street,81.13,theater,80.41
갈비_초량골목갈비_1806.jpg,갈비,Short ribs,market,81.84,street,81.13,theater,80.41
갈비_초량골목갈비_1807.jpg,갈비,Short ribs,market,81.84,street,81.13,theater,80.41
갈비_초량골목갈비_1808.jpg,갈비,Short ribs,market,81.84,street,81.13,theater,80.41
갤러리카페_스타파이브_1066.jpg,갤러리카페,Gallery Cafe,gallery,92.95,bakery,85.91,restaurant,85.85
"고궁,궁_경복궁_241.jpg","고궁,궁",Palace,palace,100.0,park,86.93,temple,86.82
"고궁,궁_경희궁_264.jpg","고궁,궁",Palace,palace,100.0,park,86.93,temple,86.82
"고궁,궁_경희궁_266.jpg","고궁,궁",Palace,palace,100.0,park,86.93,temple,86.82
"고궁,궁_용흥궁_1241.jpg","고궁,궁",Palace,palace,100.0,park,86.93,temple,86.82
"고궁,궁_용흥궁_1242.jpg","고궁,궁",Palace,palace,100.0,park,86.93,temple,86.82
"고궁,궁_용흥궁_1243.jpg","고궁,궁",Palace,palace,100.0,park,86.93,temple,86.82
"고궁,궁_운현궁_267.jpg","고궁,궁",Palace,palace,100.0,park,86.93,temple,86.82
"고궁,궁_운현궁_268.jpg","고궁,궁",Palace,palace,100.0,park,86.93,temple,86.82
"고궁,궁_운현궁_269.jpg","고궁,궁",Palace,palace,100.0,park,86.93,temple,86.82
"고궁,궁_창덕궁_244.jpg","고궁,궁",Palace,palace,100.0,park,86.93,temple,86.82
"고궁,궁_창덕궁_246.jpg","고궁,궁",Palace,palace,100.0,park,86.93,temple,86.82
"고궁,궁_화성행궁_759.jpg","고궁,궁",Palace,palace,100.0,park,86.93,temple,86.82
공원_동탄호수공원_629.jpg,공원,Park,park,100.0,trail,89.97,garden,89.64
공원_동탄호수공원_630.jpg,공원,Park,park,100.0,trail,89.97,garden,89.64
공원_동탄호수공원_631.jpg,공원,Park,park,100.0,trail,89.97,garden,89.64
공원_동호수어린이공원_133.jpg,공원,Park,park,100.0,trail,89.97,garden,89.64
공원_동호수어린이공원_134.jpg,공원,Park,park,100.0,trail,89.97,garden,89.64
공원_동호수어린이공원_135.jpg,공원,Park,park,100.0,trail,89.97,garden,89.64
공원_왕송호수공원_662.jpg,공원,Park,park,100.0,trail,89.97,garden,89.64
공원_은계호수공원_646.jpg,공원,Park,park,100.0,trail,89.97,garden,89.64
공원_인천대공원 수목원길_1092.jpg,공원,Park,park,100.0,trail,89.97,garden,89.64
공원_인천대공원 수목원길_1093.jpg,공원,Park,park,100.0,trail,89.97,garden,89.64
공원_인천대공원 수목원길_1094.jpg,공원,Park,park,100.0,trail,89.97,garden,89.64
국수_국수골목 계양점_1361.jpg,국수,Noodles,market,83.99,street,83.97,trail,83.84
국수_국수골목 계양점_1362.jpg,국수,Noodles,market,83.99,street,83.97,trail,83.84
국수_국수골목 계양점_1363.jpg,국수,Noodles,market,83.99,street,83.97,trail,83.84
국수_국수골목 연수점_1379.jpg,국수,Noodles,market,83.99,street,83.97,trail,83.84
국수_국수골목 연수점_1380.jpg,국수,Noodles,market,83.99,street,83.97,trail,83.84
국수_국수골목 연수점_1381.jpg,국수,Noodles,market,83.99,street,83.97,trail,83.84
냉면_개롱골목냉면_393.jpg,냉면,Cold noodles,trail,83.66,market,83.65,street,83.05
냉면_골목냉면 혜화점_405.jpg,냉면,Cold noodles,trail,83.66,market,83.65,street,83.05
냉면_골목냉면 혜화점_406.jpg,냉면,Cold noodles,trail,83.66,market,83.65,street,83.05
냉면_골목냉면 혜화점_407.jpg,냉면,Cold noodles,trail,83.66,market,83.65,street,83.05
냉면_골목냉면_380.jpg,냉면,Cold noodles,trail,83.66,market,83.65,street,83.05
냉면_깡통골목 원조비빔당면_1821.jpg,냉면,Cold noodles,trail,83.66,market,83.65,street,83.05
냉면_깡통골목 원조비빔당면_1822.jpg,냉면,Cold noodles,trail,83.66,market,83.65,street,83.05
냉면_수택골목냉면_906.jpg,냉면,Cold noodles,trail,83.66,market,83.65,street,83.05
냉면_수택골목냉면_907.jpg,냉면,Cold noodles,trail,83.66,market,83.65,street,83.05
도보여행_서서울호수공원 산책길_142.jpg,도보여행,Hiking,trail,90.06,park,87.38,forest,87.16
도보여행_서서울호수공원 산책길_143.jpg,도보여행,Hiking,trail,90.06,park,87.38,forest,87.16
도시근린공원_광교호수공원_626.jpg,도시근린공원,Urban Park,park,94.89,garden,88.49,street,87.98
도시근린공원_광교호수공원_627.jpg,도시근린공원,Urban Park,park,94.89,garden,88.49,street,87.98
도시근린공원_광교호수공원_628.jpg,도시근린공원,Urban Park,park,94.89,garden,88.49,street,87.98
도시근린공원_금광호수공원_652.jpg,도시근린공원,Urban Park,park,94.89,garden,88.49,street,87.98
도시근린공원_기흥호수공원_647.jpg,도시근린공원,Urban Park,park,94.89,garden,88.49,street,87.98
도시근린공원_기흥호수공원_648.jpg,도시근린공원,Urban Park,park,94.89,garden,88.49,street,87.98
도시근린공원_기흥호수공원_649.jpg,도시근린공원,Urban Park,park,94.89,garden,88.49,street,87.98
도시근린공원_반월호수공원_656.jpg,도시근린공원,Urban Park,park,94.89,garden,88.49,street,87.98
도시근린공원_반월호수공원_657.jpg,도시근린공원,Urban Park,park,94.89,garden,88.49,street,87.98
도시근린공원_반월호수공원_658.jpg,도시근린공원,Urban Park,park,94.89,garden,88.49,street,87.98
도시근린공원_상동호수공원_632.jpg,도시근린공원,Urban Park,park,94.89,garden,88.49,street,87.98
도시근린공원_상동호수공원_633.jpg,도시근린공원,Urban Park,park,94.89,garden,88.49,street,87.98
도시근린공원_상동호수공원_634.jpg,도시근린공원,Urban Park,park,94.89,garden,88.49,street,87.98
도시근린공원_서서울호수공원_127.jpg,도시근린공원,Urban Park,park,94.89,garden,88.49,street,87.98
도시근린공원_안산호수공원_638.jpg,도시근린공원,Urban Park,park,94.89,garden,88.49,street,87.98
도시근린공원_안산호수공원_639.jpg,도시근린공원,Urban Park,park,94.89,garden,88.49,street,87.98
도시근린공원_안산호수공원_640.jpg,도시근린공원,Urban Park,park,94.89,garden,88.49,street,87.98
도시근린공원_오남호수공원_653.jpg,도시근린공원,Urban Park,park,94.89,garden,88.49,street,87.98
도시근린공원_오남호수공원_655.jpg,도시근린공원,Urban Park,park,94.89,garden,88.49,street,87.98
도시근린공원_옥정호수공원_660.jpg,도시근린공원,Urban Park,park,94.89,garden,88.49,street,87.98
도시근린공원_옥정호수공원_661.jpg,도시근린공원,Urban Park,park,94.89,garden,88.49,street,87.98
도시근린공원_운정호수공원_635.jpg,도시근린공원,Urban Park,park,94.89,garden,88.49,street,87.98
도시근린공원_운정호수공원_637.jpg,도시근린공원,Urban Park,park,94.89,garden,88.49,street,87.98
도시근린공원_장자호수공원_641.jpg,도시근린공원,Urban Park,park,94.89,garden,88.49,street,87.98
도시근린공원_장자호수공원_642.jpg,도시근린공원,Urban Park,park,94.89,garden,88.49,street,87.98
도시근린공원_장자호수공원_643.jpg,도시근린공원,Urban Park,park,94.89,garden,88.49,street,87.98
도시근린공원_청라호수공원_1107.jpg,도시근린공원,Urban Park,park,94.89,garden,88.49,street,87.98
도시근린공원_청라호수공원_1108.jpg,도시근린공원,Urban Park,park,94.89,garden,88.49,street,87.98
도시근린공원_청라호수공원_1109.jpg,도시근린공원,Urban Park,park,94.89,garden,88.49,street,87.98
도시근린공원_해오름호수공원_1110.jpg,도시근린공원,Urban Park,park,94.89,garden,88.49,street,87.98
도시근린공원_해오름호수공원_1111.jpg,도시근린공원,Urban Park,park,94.89,garden,88.49,street,87.98
도시근린공원_해오름호수공원_1112.jpg,도시근린공원,Urban Park,park,94.89,garden,88.49,street,87.98
등산정보_관악산 호수공원분기점_144.jpg,등산정보,Hiking Info,trail,88.56,park,86.49,market,86.04
등산정보_관악산 호수공원분기점_145.jpg,등산정보,Hiking Info,trail,88.56,park,86.49,market,86.04
등산정보_관악산 호수공원분기점_146.jpg,등산정보,Hiking Info,trail,88.56,park,86.49,market,86.04
디저트카페_동양염전베이커리카페_1080.jpg,디저트카페,Dessert Cafe,restaurant,88.41,bakery,85.91,theater,84.46
디저트카페_동양염전베이커리카페_1081.jpg,디저트카페,Dessert Cafe,restaurant,88.41,bakery,85.91,theater,84.46
디저트카페_동양염전베이커리카페_1082.jpg,디저트카페,Dessert Cafe,restaurant,88.41,bakery,85.91,theater,84.46
디저트카페_마롱브런치&베이커리카페_495.jpg,디저트카페,Dessert Cafe,restaurant,88.41,bakery,85.91,theater,84.46
디저트카페_마롱브런치&베이커리카페_496.jpg,디저트카페,Dessert Cafe,restaurant,88.41,bakery,85.91,theater,84.46
디저트카페_바다와풍경_490.jpg,디저트카페,Dessert Cafe,restaurant,88.41,bakery,85.91,theater,84.46
디저트카페_바다와풍경_491.jpg,디저트카페,Dessert Cafe,restaurant,88.41,bakery,85.91,theater,84.46
디저트카페_보스커피&브런치_12.jpg,디저트카페,Dessert Cafe,restaurant,88.41,bakery,85.91,theater,84.46
디저트카페_브런치카페 이엘_1507.jpg,디저트카페,Dessert Cafe,restaurant,88.41,bakery,85.91,theater,84.46
디저트카페_브룩스_1543.jpg,디저트카페,Dessert Cafe,restaurant,88.41,bakery,85.91,theater,84.46
디저트카페_빠르끄 풍동본점_575.jpg,디저트카페,Dessert Cafe,restaurant,88.41,bakery,85.91,theater,84.46
디저트카페_빠르끄 풍동본점_576.jpg,디저트카페,Dessert Cafe,restaurant,88.41,bakery,85.91,theater,84.46
디저트카페_빠르끄 풍동본점_577.jpg,디저트카페,Dessert Cafe,restaurant,88.41,bakery,85.91,theater,84.46
디저트카페_스타골목커피_1397.jpg,디저트카페,Dessert Cafe,restaurant,88.41,bakery,85.91,theater,84.46
디저트카페_스타골목커피_1398.jpg,디저트카페,Dessert Cafe,restaurant,88.41,bakery,85.91,theater,84.46
디저트카페_스타골목커피_1399.jpg,디저트카페,Dessert Cafe,restaurant,88.41,bakery,85.91,theater,84.46
디저트카페_어로프슬라이스피스_551.jpg,디저트카페,Dessert Cafe,restaurant,88.41,bakery,85.91,theater,84.46
디저트카페_어로프슬라이스피스_552.jpg,디저트카페,Dessert Cafe,restaurant,88.41,bakery,85.91,theater,84.46
디저트카페_어로프슬라이스피스_553.jpg,디저트카페,Dessert Cafe,restaurant,88.41,bakery,85.91,theater,84.46
디저트카페_에테르_1476.jpg,디저트카페,Dessert Cafe,restaurant,88.41,bakery,85.91,theater,84.46
디저트카페_우즈베이커리_1559.jpg,디저트카페,Dessert Cafe,restaurant,88.41,bakery,85.91,theater,84.46
디저트카페_우즈베이커리카페 수성호수점_1930.jpg,디저트카페,Dessert Cafe,restaurant,88.41,bakery,85.91,theater,84.46
디저트카페_우즈베이커리카페 수성호수점_1931.jpg,디저트카페,Dessert Cafe,restaurant,88.41,bakery,85.91,theater,84.46
디저트카페_이진상회_545.jpg,디저트카페,Dessert Cafe,restaurant,88.41,bakery,85.91,theater,84.46
디저트카페_이진상회_546.jpg,디저트카페,Dessert Cafe,restaurant,88.41,bakery,85.91,theater,84.46
디저트카페_이진상회_547.jpg,디저트카페,Dessert Cafe,restaurant,88.41,bakery,85.91,theater,84.46
디저트카페_인스퍼레이션디 동촌유원지점_1950.jpg,디저트카페,Dessert Cafe,restaurant,88.41,bakery,85.91,theater,84.46
디저트카페_인스퍼레이션디 동촌유원지점_1951.jpg,디저트카페,Dessert Cafe,restaurant,88.41,bakery,85.91,theater,84.46
디저트카페_초이스엠_1944.jpg,디저트카페,Dessert Cafe,restaurant,88.41,bakery,85.91,theater,84.46
디저트카페_초이스엠_1945.jpg,디저트카페,Dessert Cafe,restaurant,88.41,bakery,85.91,theater,84.46
디저트카페_초이스엠_1946.jpg,디저트카페,Dessert Cafe,restaurant,88.41,bakery,85.91,theater,84.46
디저트카페_카페 레드브리끄_478.jpg,디저트카페,Dessert Cafe,restaurant,88.41,bakery,85.91,theater,84.46
디저트카페_토지베이커리브런치카페_499.jpg,디저트카페,Dessert Cafe,restaurant,88.41,bakery,85.91,theater,84.46
디저트카페_토지베이커리브런치카페_500.jpg,디저트카페,Dessert Cafe,restaurant,88.41,bakery,85.91,theater,84.46
디저트카페_포레스트아웃팅스 송도점_1062.jpg,디저트카페,Dessert Cafe,restaurant,88.41,bakery,85.91,theater,84.46
디저트카페_포레스트아웃팅스 송도점_1063.jpg,디저트카페,Dessert Cafe,restaurant,88.41,bakery,85.91,theater,84.46
디저트카페_프릳츠 도화점_52.jpg,디저트카페,Dessert Cafe,restaurant,88.41,bakery,85.91,theater,84.46
디저트카페_프릳츠 도화점_53.jpg,디저트카페,Dessert Cafe,restaurant,88.41,bakery,85.91,theater,84.46
디저트카페_프릳츠 도화점_54.jpg,디저트카페,Dessert Cafe,restaurant,88.41,bakery,85.91,theater,84.46
떡볶이_골목떡볶이_367.jpg,떡볶이,Spicy rice cakes,gallery,80.64,market,80.61,bakery,80.08
"릉,묘,총_김포장릉_790.jpg","릉,묘,총",tomb,temple,91.32,museum,87.71,stadium,86.6
"릉,묘,총_동구릉_770.jpg","릉,묘,총",tomb,temple,91.32,museum,87.71,stadium,86.6
"릉,묘,총_동구릉_771.jpg","릉,묘,총",tomb,temple,91.32,museum,87.71,stadium,86.6
"릉,묘,총_동구릉_772.jpg","릉,묘,총",tomb,temple,91.32,museum,87.71,stadium,86.6
"릉,묘,총_서오릉_773.jpg","릉,묘,총",tomb,temple,91.32,museum,87.71,stadium,86.6
"릉,묘,총_서오릉_774.jpg","릉,묘,총",tomb,temple,91.32,museum,87.71,stadium,86.6
"릉,묘,총_서오릉_775.jpg","릉,묘,총",tomb,temple,91.32,museum,87.71,stadium,86.6
"릉,묘,총_서울선릉과정릉_259.jpg","릉,묘,총",tomb,temple,91.32,museum,87.71,stadium,86.6
"릉,묘,총_서울선릉과정릉_260.jpg","릉,묘,총",tomb,temple,91.32,museum,87.71,stadium,86.6
"릉,묘,총_서울선릉과정릉_261.jpg","릉,묘,총",tomb,temple,91.32,museum,87.71,stadium,86.6
"릉,묘,총_연산동고분군_1710.jpg","릉,묘,총",tomb,temple,91.32,museum,87.71,stadium,86.6
"릉,묘,총_연산동고분군_1711.jpg","릉,묘,총",tomb,temple,91.32,museum,87.71,stadium,86.6
"릉,묘,총_연산동고분군_1712.jpg","릉,묘,총",tomb,temple,91.32,museum,87.71,stadium,86.6
"릉,묘,총_영녕릉 세종대왕유적지구 세종대왕릉_786.jpg","릉,묘,총",tomb,temple,91.32,museum,87.71,stadium,86.6
"릉,묘,총_화성융릉과건릉_776.jpg","릉,묘,총",tomb,temple,91.32,museum,87.71,stadium,86.6
"릉,묘,총_화성융릉과건릉_777.jpg","릉,묘,총",tomb,temple,91.32,museum,87.71,stadium,86.6
"릉,묘,총_화성융릉과건릉_778.jpg","릉,묘,총",tomb,temple,91.32,museum,87.71,stadium,86.6
문_광화문_247.jpg,문,Door,street,85.8,gallery,85.51,bar,85.28
문_광화문_248.jpg,문,Door,street,85.8,gallery,85.51,bar,85.28
문_광화문_249.jpg,문,Door,street,85.8,gallery,85.51,bar,85.28
문_금정산성 남문_1696.jpg,문,Door,street,85.8,gallery,85.51,bar,85.28
문_독립문_270.jpg,문,Door,street,85.8,gallery,85.51,bar,85.28
문_독립문_271.jpg,문,Door,street,85.8,gallery,85.51,bar,85.28
문_독립문_272.jpg,문,Door,street,85.8,gallery,85.51,bar,85.28
문_수원화성 장안문_782.jpg,문,Door,street,85.8,gallery,85.51,bar,85.28
문_수원화성 장안문_783.jpg,문,Door,street,85.8,gallery,85.51,bar,85.28
문_수원화성 장안문_784.jpg,문,Door,street,85.8,gallery,85.51,bar,85.28
문_수원화성 팔달문_794.jpg,문,Door,street,85.8,gallery,85.51,bar,85.28
문_수원화성 팔달문_795.jpg,문,Door,street,85.8,gallery,85.51,bar,85.28
문_수원화성 팔달문_796.jpg,문,Door,street,85.8,gallery,85.51,bar,85.28
문_숭례문_253.jpg,문,Door,street,85.8,gallery,85.51,bar,85.28
문_숭례문_254.jpg,문,Door,street,85.8,gallery,85.51,bar,85.28
문_숭례문_255.jpg,문,Door,street,85.8,gallery,85.51,bar,85.28
문_홍예문_1262.jpg,문,Door,street,85.8,gallery,85.51,bar,85.28
문_홍예문_1264.jpg,문,Door,street,85.8,gallery,85.51,bar,85.28
문_흥인지문_257.jpg,문,Door,street,85.8,gallery,85.51,bar,85.28
문_흥인지문_258.jpg,문,Door,street,85.8,gallery,85.51,bar,85.28
문화유적_고려궁지_1230.jpg,문화유적,Cultural heritage,museum,90.35,gallery,89.87,temple,89.27
문화유적_고려궁지_1231.jpg,문화유적,Cultural heritage,museum,90.35,gallery,89.87,temple,89.27
문화유적_고려궁지_1232.jpg,문화유적,Cultural heritage,museum,90.35,gallery,89.87,temple,89.27
문화유적_서울암사동유적_273.jpg,문화유적,Cultural heritage,museum,90.35,gallery,89.87,temple,89.27
문화유적_서울암사동유적_274.jpg,문화유적,Cultural heritage,museum,90.35,gallery,89.87,temple,89.27
문화유적_서울암사동유적_275.jpg,문화유적,Cultural heritage,museum,90.35,gallery,89.87,temple,89.27
문화유적_석파정_263.jpg,문화유적,Cultural heritage,museum,90.35,gallery,89.87,temple,89.27
문화유적_연미정_1226.jpg,문화유적,Cultural heritage,museum,90.35,gallery,89.87,temple,89.27
문화유적_외양포진지_1701.jpg,문화유적,Cultural heritage,museum,90.35,gallery,89.87,temple,89.27
문화유적_외양포진지_1702.jpg,문화유적,Cultural heritage,museum,90.35,gallery,89.87,temple,89.27
문화유적_외양포진지_1703.jpg,문화유적,Cultural heritage,museum,90.35,gallery,89.87,temple,89.27
문화유적_원인재_1247.jpg,문화유적,Cultural heritage,museum,90.35,gallery,89.87,temple,89.27
문화유적_원인재_1248.jpg,문화유적,Cultural heritage,museum,90.35,gallery,89.87,temple,89.27
문화유적_원인재_1249.jpg,문화유적,Cultural heritage,museum,90.35,gallery,89.87,temple,89.27
문화유적_장수동 은행나무_1236.jpg,문화유적,Cultural heritage,museum,90.35,gallery,89.87,temple,89.27
문화유적_장수동 은행나무_1238.jpg,문화유적,Cultural heritage,museum,90.35,gallery,89.87,temple,89.27
문화유적_정약용유적지_791.jpg,문화유적,Cultural heritage,museum,90.35,gallery,89.87,temple,89.27
문화유적_정약용유적지_792.jpg,문화유적,Cultural heritage,museum,90.35,gallery,89.87,temple,89.27
문화유적_정약용유적지_793.jpg,문화유적,Cultural heritage,museum,90.35,gallery,89.87,temple,89.27
문화유적_충렬사_1680.jpg,문화유적,Cultural heritage,museum,90.35,gallery,89.87,temple,89.27
문화유적_충렬사_1681.jpg,문화유적,Cultural heritage,museum,90.35,gallery,89.87,temple,89.27
문화유적_충렬사_1682.jpg,문화유적,Cultural heritage,museum,90.35,gallery,89.87,temple,89.27
문화유적_해월정_1700.jpg,문화유적,Cultural heritage,museum,90.35,gallery,89.87,temple,89.27
미술관_가나아트파크_696.jpg,미술관,Art gallery,gallery,95.84,museum,91.72,theater,88.77
미술관_가나아트파크_697.jpg,미술관,Art gallery,gallery,95.84,museum,91.72,theater,88.77
미술관_가나아트파크_698.jpg,미술관,Art gallery,gallery,95.84,museum,91.72,theater,88.77
미술관_간송미술관_190.jpg,미술관,Art gallery,gallery,95.84,museum,91.72,theater,88.77
미술관_간송미술관_191.jpg,미술관,Art gallery,gallery,95.84,museum,91.72,theater,88.77
미술관_간송미술관_192.jpg,미술관,Art gallery,gallery,95.84,museum,91.72,theater,88.77
미술관_경기도미술관_683.jpg,미술관,Art gallery,gallery,95.84,museum,91.72,theater,88.77
미술관_경기도미술관_684.jpg,미술관,Art gallery,gallery,95.84,museum,91.72,theater,88.77
미술관_경기도미술관_685.jpg,미술관,Art gallery,gallery,95.84,museum,91.72,theater,88.77
미술관_경원미술관_1158.jpg,미술관,Art gallery,gallery,95.84,museum,91.72,theater,88.77
미술관_경원미술관_1159.jpg,미술관,Art gallery,gallery,95.84,museum,91.72,theater,88.77
미술관_경원미술관_1160.jpg,미술관,Art gallery,gallery,95.84,museum,91.72,theater,88.77
미술관_고은사진미술관_1608.jpg,미술관,Art gallery,gallery,95.84,museum,91.72,theater,88.77
미술관_고은사진미술관_1609.jpg,미술관,Art gallery,gallery,95.84,museum,91.72,theater,88.77
미술관_고은사진미술관_1610.jpg,미술관,Art gallery,gallery,95.84,museum,91.72,theater,88.77
미술관_구하우스미술관_689.jpg,미술관,Art gallery,gallery,95.84,museum,91.72,theater,88.77
미술관_국립현대미술관 과천_673.jpg,미술관,Art gallery,gallery,95.84,museum,91.72,theater,88.77
미술관_국립현대미술관 서울_156.jpg,미술관,Art gallery,gallery,95.84,museum,91.72,theater,88.77
미술관_국제갤러리 부산지점_1635.jpg,미술관,Art gallery,gallery,95.84,museum,91.72,theater,88.77
미술관_국제갤러리 부산지점_1636.jpg,미술관,Art gallery,gallery,95.84,museum,91.72,theater,88.77
미술관_국제갤러리 부산지점_1637.jpg,미술관,Art gallery,gallery,95.84,museum,91.72,theater,88.77
미술관_금련산갤러리_1638.jpg,미술관,Art gallery,gallery,95.84,museum,91.72,theater,88.77
미술관_금련산갤러리_1639.jpg,미술관,Art gallery,gallery,95.84,museum,91.72,theater,88.77
미술관_금련산갤러리_1640.jpg,미술관,Art gallery,gallery,95.84,museum,91.72,theater,88.77
미술관_금정문화회관 금샘미술관_1620.jpg,미술관,Art gallery,gallery,95.84,museum,91.72,theater,88.77
미술관_금정문화회관 금샘미술관_1621.jpg,미술관,Art gallery,gallery,95.84,museum,91.72,theater,88.77
미술관_금정문화회관 금샘미술관_1622.jpg,미술관,Art gallery,gallery,95.84,museum,91.72,theater,88.77
미술관_김홍도미술관_705.jpg,미술관,Art gallery,gallery,95.84,museum,91.72,theater,88.77
미술관_김홍도미술관_706.jpg,미술관,Art gallery,gallery,95.84,museum,91.72,theater,88.77
미술관_대구간송미술관_1995.jpg,미술관,Art gallery,gallery,95.84,museum,91.72,theater,88.77
미술관_대구간송미술관_1996.jpg,미술관,Art gallery,gallery,95.84,museum,91.72,theater,88.77
미술관_대구간송미술관_1997.jpg,미술관,Art gallery,gallery,95.84,museum,91.72,theater,88.77
미술관_대구미술관_1992.jpg,미술관,Art gallery,gallery,95.84,museum,91.72,theater,88.77
미술관_대구미술관_1993.jpg,미술관,Art gallery,gallery,95.84,museum,91.72,theater,88.77
미술관_대구미술관_1994.jpg,미술관,Art gallery,gallery,95.84,museum,91.72,theater,88.77
미술관_대림미술관_188.jpg,미술관,Art gallery,gallery,95.84,museum,91.72,theater,88.77
미술관_대림미술관_189.jpg,미술관,Art gallery,gallery,95.84,museum,91.72,theater,88.77
미술관_더리미미술관_1144.jpg,미술관,Art gallery,gallery,95.84,museum,91.72,theater,88.77
미술관_더리미미술관_1145.jpg,미술관,Art gallery,gallery,95.84,museum,91.72,theater,88.77
미술관_디뮤지엄_181.jpg,미술관,Art gallery,gallery,95.84,museum,91.72,theater,88.77
미술관_랄프깁슨 사진미술관_1629.jpg,미술관,Art gallery,gallery,95.84,museum,91.72,theater,88.77
미술관_리움미술관_150.jpg,미술관,Art gallery,gallery,95.84,museum,91.72,theater,88.77
미술관_리움미술관_152.jpg,미술관,Art gallery,gallery,95.84,museum,91.72,theater,88.77
미술관_뮤지엄원_1615.jpg,미술관,Art gallery,gallery,95.84,museum,91.72,theater,88.77
미술관_뮤지엄원_1616.jpg,미술관,Art gallery,gallery,95.84,museum,91.72,theater,88.77
미술관_미메시스아트뮤지엄_679.jpg,미술관,Art gallery,gallery,95.84,museum,91.72,theater,88.77
미술관_부산시립미술관 (휴관중)_1605.jpg,미술관,Art gallery,gallery,95.84,museum,91.72,theater,88.77
미술관_부산시립미술관 이우환공간_1623.jpg,미술관,Art gallery,gallery,95.84,museum,91.72,theater,88.77
미술관_부산시립미술관 이우환공간_1624.jpg,미술관,Art gallery,gallery,95.84,museum,91.72,theater,88.77
미술관_부산시립미술관 이우환공간_1625.jpg,미술관,Art gallery,gallery,95.84,museum,91.72,theater,88.77
미술관_부산현대미술관_1611.jpg,미술관,Art gallery,gallery,95.84,museum,91.72,theater,88.77
미술관_부산현대미술관_1612.jpg,미술관,Art gallery,gallery,95.84,museum,91.72,theater,88.77
미술관_부평아트센터 꽃누리갤러리_1153.jpg,미술관,Art gallery,gallery,95.84,museum,91.72,theater,88.77
미술관_서면미술관_1617.jpg,미술관,Art gallery,gallery,95.84,museum,91.72,theater,88.77
미술관_서면미술관_1618.jpg,미술관,Art gallery,gallery,95.84,museum,91.72,theater,88.77
미술관_서울시립 북서울미술관_179.jpg,미술관,Art gallery,gallery,95.84,museum,91.72,theater,88.77
미술관_서울시립 북서울미술관_180.jpg,미술관,Art gallery,gallery,95.84,museum,91.72,theater,88.77
미술관_서울시립 사진미술관_193.jpg,미술관,Art gallery,gallery,95.84,museum,91.72,theater,88.77
미술관_서울시립 사진미술관_194.jpg,미술관,Art gallery,gallery,95.84,museum,91.72,theater,88.77
미술관_서울시립 사진미술관_195.jpg,미술관,Art gallery,gallery,95.84,museum,91.72,theater,88.77
미술관_서울시립미술관 서소문본관_159.jpg,미술관,Art gallery,gallery,95.84,museum,91.72,theater,88.77
미술관_서울시립미술관 서소문본관_160.jpg,미술관,Art gallery,gallery,95.84,museum,91.72,theater,88.77
미술관_서울시립미술관 서소문본관_161.jpg,미술관,Art gallery,gallery,95.84,museum,91.72,theater,88.77
미술관_서울시립미술관 서소문본관_162.jpg,미술관,Art gallery,gallery,95.84,museum,91.72,theater,88.77
미술관_석모도갤러리_1168.jpg,미술관,Art gallery,gallery,95.84,museum,91.72,theater,88.77
미술관_석파정 서울미술관_169.jpg,미술관,Art gallery,gallery,95.84,museum,91.72,theater,88.77
미술관_석파정 서울미술관_170.jpg,미술관,Art gallery,gallery,95.84,museum,91.72,theater,88.77
미술관_석파정 서울미술관_171.jpg,미술관,Art gallery,gallery,95.84,museum,91.72,theater,88.77
미술관_성남큐브미술관_701.jpg,미술관,Art gallery,gallery,95.84,museum,91.72,theater,88.77
미술관_송암미술관_1135.jpg,미술관,Art gallery,gallery,95.84,museum,91.72,theater,88.77
미술관_송암미술관_1136.jpg,미술관,Art gallery,gallery,95.84,museum,91.72,theater,88.77
미술관_수원시립미술관_674.jpg,미술관,Art gallery,gallery,95.84,museum,91.72,theater,88.77
미술관_수원시립미술관_675.jpg,미술관,Art gallery,gallery,95.84,museum,91.72,theater,88.77
미술관_수원시립미술관_676.jpg,미술관,Art gallery,gallery,95.84,museum,91.72,theater,88.77
미술관_스페인마을 갤러리_1151.jpg,미술관,Art gallery,gallery,95.84,museum,91.72,theater,88.77
미술관_아모레퍼시픽미술관_175.jpg,미술관,Art gallery,gallery,95.84,museum,91.72,theater,88.77
미술관_아트KMJ갤러리_1170.jpg,미술관,Art gallery,gallery,95.84,museum,91.72,theater,88.77
미술관_양주시립장욱진미술관_680.jpg,미술관,Art gallery,gallery,95.84,museum,91.72,theater,88.77
미술관_양주시립장욱진미술관_681.jpg,미술관,Art gallery,gallery,95.84,museum,91.72,theater,88.77
미술관_양주시립장욱진미술관_682.jpg,미술관,Art gallery,gallery,95.84,museum,91.72,theater,88.77
미술관_양평군립미술관_693.jpg,미술관,Art gallery,gallery,95.84,museum,91.72,theater,88.77
미술관_양평군립미술관_694.jpg,미술관,Art gallery,gallery,95.84,museum,91.72,theater,88.77
미술관_양평군립미술관_695.jpg,미술관,Art gallery,gallery,95.84,museum,91.72,theater,88.77
미술관_예술의전당 한가람미술관_164.jpg,미술관,Art gallery,gallery,95.84,museum,91.72,theater,88.77
미술관_예술의전당 한가람미술관_165.jpg,미술관,Art gallery,gallery,95.84,museum,91.72,theater,88.77
미술관_오산시립미술관_708.jpg,미술관,Art gallery,gallery,95.84,museum,91.72,theater,88.77
미술관_오산시립미술관_710.jpg,미술관,Art gallery,gallery,95.84,museum,91.72,theater,88.77
미술관_우현문갤러리_1161.jpg,미술관,Art gallery,gallery,95.84,museum,91.72,theater,88.77
미술관_우현문갤러리_1162.jpg,미술관,Art gallery,gallery,95.84,museum,91.72,theater,88.77
미술관_우현문갤러리_1163.jpg,미술관,Art gallery,gallery,95.84,museum,91.72,theater,88.77
미술관_유리섬_686.jpg,미술관,Art gallery,gallery,95.84,museum,91.72,theater,88.77
미술관_유리섬_687.jpg,미술관,Art gallery,gallery,95.84,museum,91.72,theater,88.77
미술관_유리섬_688.jpg,미술관,Art gallery,gallery,95.84,museum,91.72,theater,88.77
미술관_전원미술관_1173.jpg,미술관,Art gallery,gallery,95.84,museum,91.72,theater,88.77
미술관_전원미술관_1174.jpg,미술관,Art gallery,gallery,95.84,museum,91.72,theater,88.77
미술관_전원미술관_1175.jpg,미술관,Art gallery,gallery,95.84,museum,91.72,theater,88.77
미술관_정서진아트큐브_1155.jpg,미술관,Art gallery,gallery,95.84,museum,91.72,theater,88.77
미술관_정서진아트큐브_1156.jpg,미술관,Art gallery,gallery,95.84,museum,91.72,theater,88.77
미술관_참살이미술관_1146.jpg,미술관,Art gallery,gallery,95.84,museum,91.72,theater,88.77
미술관_참살이미술관_1147.jpg,미술관,Art gallery,gallery,95.84,museum,91.72,theater,88.77
미술관_참살이미술관_1148.jpg,미술관,Art gallery,gallery,95.84,museum,91.72,theater,88.77
미술관_채플갤러리_1137.jpg,미술관,Art gallery,gallery,95.84,museum,91.72,theater,88.77
미술관_채플갤러리_1138.jpg,미술관,Art gallery,gallery,95.84,museum,91.72,theater,88.77
미술관_채플갤러리_1139.jpg,미술관,Art gallery,gallery,95.84,museum,91.72,theater,88.77
미술관_포레리움_704.jpg,미술관,Art gallery,gallery,95.84,museum,91.72,theater,88.77
미술관_한두뼘12갤러리_1176.jpg,미술관,Art gallery,gallery,95.84,museum,91.72,theater,88.77
미술관_한새갤러리_1646.jpg,미술관,Art gallery,gallery,95.84,museum,91.72,theater,88.77
미술관_호암미술관_668.jpg,미술관,Art gallery,gallery,95.84,museum,91.72,theater,88.77
미술관_호암미술관_669.jpg,미술관,Art gallery,gallery,95.84,museum,91.72,theater,88.77
미술관_호암미술관_670.jpg,미술관,Art gallery,gallery,95.84,museum,91.72,theater,88.77
박물관_강화역사박물관_1190.jpg,박물관,Museum,museum,100.0,gallery,91.47,theater,89.39
박물관_강화역사박물관_1191.jpg,박물관,Museum,museum,100.0,gallery,91.47,theater,89.39
박물관_강화자연사박물관_1199.jpg,박물관,Museum,museum,100.0,gallery,91.47,theater,89.39
박물관_강화자연사박물관_1200.jpg,박물관,Museum,museum,100.0,gallery,91.47,theater,89.39
박물관_강화전쟁박물관_1210.jpg,박물관,Museum,museum,100.0,gallery,91.47,theater,89.39
박물관_강화전쟁박물관_1212.jpg,박물관,Museum,museum,100.0,gallery,91.47,theater,89.39
박물관_검단선사박물관_1207.jpg,박물관,Museum,museum,100.0,gallery,91.47,theater,89.39
박물관_검단선사박물관_1208.jpg,박물관,Museum,museum,100.0,gallery,91.47,theater,89.39
박물관_검단선사박물관_1209.jpg,박물관,Museum,museum,100.0,gallery,91.47,theater,89.39
박물관_경기도어린이박물관_723.jpg,박물관,Museum,museum,100.0,gallery,91.47,theater,89.39
박물관_경기도어린이박물관_724.jpg,박물관,Museum,museum,100.0,gallery,91.47,theater,89.39
박물관_경기도어린이박물관_725.jpg,박물관,Museum,museum,100.0,gallery,91.47,theater,89.39
박물관_경기북부어린이박물관_747.jpg,박물관,Museum,museum,100.0,gallery,91.47,theater,89.39
박물관_경기북부어린이박물관_748.jpg,박물관,Museum,museum,100.0,gallery,91.47,theater,89.39
박물관_경기북부어린이박물관_749.jpg,박물관,Museum,museum,100.0,gallery,91.47,theater,89.39
박물관_계양산성박물관_1213.jpg,박물관,Museum,museum,100.0,gallery,91.47,theater,89.39
박물관_계양산성박물관_1214.jpg,박물관,Museum,museum,100.0,gallery,91.47,theater,89.39
박물관_고양어린이박물관_730.jpg,박물관,Museum,museum,100.0,gallery,91.47,theater,89.39
박물관_고양어린이박물관_731.jpg,박물관,Museum,museum,100.0,gallery,91.47,theater,89.39
박물관_국립고궁박물관_208.jpg,박물관,Museum,museum,100.0,gallery,91.47,theater,89.39
박물관_국립고궁박물관_209.jpg,박물관,Museum,museum,100.0,gallery,91.47,theater,89.39
박물관_국립농업박물관_741.jpg,박물관,Museum,museum,100.0,gallery,91.47,theater,89.39
박물관_국립농업박물관_742.jpg,박물관,Museum,museum,100.0,gallery,91.47,theater,89.39
박물관_국립농업박물관_743.jpg,박물관,Museum,museum,100.0,gallery,91.47,theater,89.39
박물관_국립민속박물관 본관_206.jpg,박물관,Museum,museum,100.0,gallery,91.47,theater,89.39
박물관_국립세계문자박물관_1192.jpg,박물관,Museum,museum,100.0,gallery,91.47,theater,89.39
박물관_국립세계문자박물관_1193.jpg,박물관,Museum,museum,100.0,gallery,91.47,theater,89.39
박물관_국립세계문자박물관_1194.jpg,박물관,Museum,museum,100.0,gallery,91.47,theater,89.39
박물관_국립인천해양박물관_1186.jpg,박물관,Museum,museum,100.0,gallery,91.47,theater,89.39
박물관_국립인천해양박물관_1188.jpg,박물관,Museum,museum,100.0,gallery,91.47,theater,89.39
박물관_국립중앙박물관_199.jpg,박물관,Museum,museum,100.0,gallery,91.47,theater,89.39
박물관_국립중앙박물관_201.jpg,박물관,Museum,museum,100.0,gallery,91.47,theater,89.39
박물관_국립항공박물관_223.jpg,박물관,Museum,museum,100.0,gallery,91.47,theater,89.39
박물관_국립항공박물관_224.jpg,박물관,Museum,museum,100.0,gallery,91.47,theater,89.39
박물관_국립해양박물관_1668.jpg,박물관,Museum,museum,100.0,gallery,91.47,theater,89.39
박물관_국립해양박물관_1669.jpg,박물관,Museum,museum,100.0,gallery,91.47,theater,89.39
박물관_국립해양박물관_1670.jpg,박물관,Museum,museum,100.0,gallery,91.47,theater,89.39
박물관_대한민국역사박물관_202.jpg,박물관,Museum,museum,100.0,gallery,91.47,theater,89.39
박물관_대한민국역사박물관_204.jpg,박물관,Museum,museum,100.0,gallery,91.47,theater,89.39
박물관_부산영화체험박물관_1662.jpg,박물관,Museum,museum,100.0,gallery,91.47,theater,89.39
박물관_부산영화체험박물관_1663.jpg,박물관,Museum,museum,100.0,gallery,91.47,theater,89.39
박물관_부산영화체험박물관_1664.jpg,박물관,Museum,museum,100.0,gallery,91.47,theater,89.39
박물관_부산장난감박물관_1656.jpg,박물관,Museum,museum,100.0,gallery,91.47,theater,89.39
박물관_부산커피박물관_1672.jpg,박물관,Museum,museum,100.0,gallery,91.47,theater,89.39
박물관_부산커피박물관_1673.jpg,박물관,Museum,museum,100.0,gallery,91.47,theater,89.39
박물관_부평역사박물관_1180.jpg,박물관,Museum,museum,100.0,gallery,91.47,theater,89.39
박물관_부평역사박물관_1181.jpg,박물관,Museum,museum,100.0,gallery,91.47,theater,89.39
박물관_삼성화재 모빌리티뮤지엄_714.jpg,박물관,Museum,museum,100.0,gallery,91.47,theater,89.39
박물관_서대문자연사박물관_214.jpg,박물관,Museum,museum,100.0,gallery,91.47,theater,89.39
박물관_서대문자연사박물관_216.jpg,박물관,Museum,museum,100.0,gallery,91.47,theater,89.39
박물관_서소문성지역사박물관_211.jpg,박물관,Museum,museum,100.0,gallery,91.47,theater,89.39
박물관_서소문성지역사박물관_212.jpg,박물관,Museum,museum,100.0,gallery,91.47,theater,89.39
박물관_서울공예박물관_235.jpg,박물관,Museum,museum,100.0,gallery,91.47,theater,89.39
박물관_서울공예박물관_236.jpg,박물관,Museum,museum,100.0,gallery,91.47,theater,89.39
박물관_서울공예박물관_237.jpg,박물관,Museum,museum,100.0,gallery,91.47,theater,89.39
박물관_서울생활사박물관_226.jpg,박물관,Museum,museum,100.0,gallery,91.47,theater,89.39
박물관_서울생활사박물관_227.jpg,박물관,Museum,museum,100.0,gallery,91.47,theater,89.39
박물관_서울생활사박물관_228.jpg,박물관,Museum,museum,100.0,gallery,91.47,theater,89.39
박물관_서울역사박물관_197.jpg,박물관,Museum,museum,100.0,gallery,91.47,theater,89.39
박물관_서울역사박물관_198.jpg,박물관,Museum,museum,100.0,gallery,91.47,theater,89.39
박물관_송파책박물관_239.jpg,박물관,Museum,museum,100.0,gallery,91.47,theater,89.39
박물관_송파책박물관_240.jpg,박물관,Museum,museum,100.0,gallery,91.47,theater,89.39
박물관_수원광교박물관_751.jpg,박물관,Museum,museum,100.0,gallery,91.47,theater,89.39
박물관_수원박물관_753.jpg,박물관,Museum,museum,100.0,gallery,91.47,theater,89.39
박물관_수원박물관_754.jpg,박물관,Museum,museum,100.0,gallery,91.47,theater,89.39
박물관_수원박물관_755.jpg,박물관,Museum,museum,100.0,gallery,91.47,theater,89.39
박물관_수원화성박물관_733.jpg,박물관,Museum,museum,100.0,gallery,91.47,theater,89.39
박물관_수원화성박물관_734.jpg,박물관,Museum,museum,100.0,gallery,91.47,theater,89.39
박물관_여주곤충박물관_744.jpg,박물관,Museum,museum,100.0,gallery,91.47,theater,89.39
박물관_영종역사관_1204.jpg,박물관,Museum,museum,100.0,gallery,91.47,theater,89.39
박물관_영종역사관_1206.jpg,박물관,Museum,museum,100.0,gallery,91.47,theater,89.39
박물관_인천광역시립박물관_1177.jpg,박물관,Museum,museum,100.0,gallery,91.47,theater,89.39
박물관_인천광역시립박물관_1178.jpg,박물관,Museum,museum,100.0,gallery,91.47,theater,89.39
박물관_인천광역시립박물관_1179.jpg,박물관,Museum,museum,100.0,gallery,91.47,theater,89.39
박물관_인천어린이박물관_1216.jpg,박물관,Museum,museum,100.0,gallery,91.47,theater,89.39
박물관_인천어린이박물관_1217.jpg,박물관,Museum,museum,100.0,gallery,91.47,theater,89.39
박물관_인천어린이박물관_1218.jpg,박물관,Museum,museum,100.0,gallery,91.47,theater,89.39
박물관_전곡선사박물관_738.jpg,박물관,Museum,museum,100.0,gallery,91.47,theater,89.39
박물관_전곡선사박물관_739.jpg,박물관,Museum,museum,100.0,gallery,91.47,theater,89.39
박물관_전곡선사박물관_740.jpg,박물관,Museum,museum,100.0,gallery,91.47,theater,89.39
박물관_증권박물관 부산관_1676.jpg,박물관,Museum,museum,100.0,gallery,91.47,theater,89.39
박물관_짜장면박물관_1195.jpg,박물관,Museum,museum,100.0,gallery,91.47,theater,89.39
박물관_짜장면박물관_1197.jpg,박물관,Museum,museum,100.0,gallery,91.47,theater,89.39
박물관_철도박물관_717.jpg,박물관,Museum,museum,100.0,gallery,91.47,theater,89.39
박물관_철도박물관_718.jpg,박물관,Museum,museum,100.0,gallery,91.47,theater,89.39
박물관_철도박물관_719.jpg,박물관,Museum,museum,100.0,gallery,91.47,theater,89.39
박물관_청계천박물관_232.jpg,박물관,Museum,museum,100.0,gallery,91.47,theater,89.39
박물관_청계천박물관_234.jpg,박물관,Museum,museum,100.0,gallery,91.47,theater,89.39
박물관_한국근대문학관_1219.jpg,박물관,Museum,museum,100.0,gallery,91.47,theater,89.39
박물관_한국근현대사박물관_737.jpg,박물관,Museum,museum,100.0,gallery,91.47,theater,89.39
박물관_한국만화박물관_713.jpg,박물관,Museum,museum,100.0,gallery,91.47,theater,89.39
박물관_한국은행 화폐박물관_217.jpg,박물관,Museum,museum,100.0,gallery,91.47,theater,89.39
박물관_한국은행 화폐박물관_218.jpg,박물관,Museum,museum,100.0,gallery,91.47,theater,89.39
박물관_한국은행 화폐박물관_219.jpg,박물관,Museum,museum,100.0,gallery,91.47,theater,89.39
박물관_한국이민사박물관_1202.jpg,박물관,Museum,museum,100.0,gallery,91.47,theater,89.39
박물관_한국이민사박물관_1203.jpg,박물관,Museum,museum,100.0,gallery,91.47,theater,89.39
박물관_한성백제박물관_220.jpg,박물관,Museum,museum,100.0,gallery,91.47,theater,89.39
박물관_한성백제박물관_221.jpg,박물관,Museum,museum,100.0,gallery,91.47,theater,89.39
박물관_허준박물관_229.jpg,박물관,Museum,museum,100.0,gallery,91.47,theater,89.39
박물관_허준박물관_230.jpg,박물관,Museum,museum,100.0,gallery,91.47,theater,89.39
박물관_허준박물관_231.jpg,박물관,Museum,museum,100.0,gallery,91.47,theater,89.39
봉수대_황령산 봉수대_1677.jpg,봉수대,Beacon tower,tower,92.18,temple,83.02,harbor,81.42
봉수대_황령산 봉수대_1678.jpg,봉수대,Beacon tower,tower,92.18,temple,83.02,harbor,81.42
봉수대_황령산 봉수대_1679.jpg,봉수대,Beacon tower,tower,92.18,temple,83.02,harbor,81.42
뷔페_서울신라호텔 더 파크뷰_34.jpg,뷔페,Buffet,bar,87.66,market,87.6,gallery,86.46
뷔페_서울신라호텔 더 파크뷰_35.jpg,뷔페,Buffet,bar,87.66,market,87.6,gallery,86.46
뷔페_서울신라호텔 더 파크뷰_36.jpg,뷔페,Buffet,bar,87.66,market,87.6,gallery,86.46
브런치빈_브런치빈 삼산점_1034.jpg,브런치빈,Brunch Spot,restaurant,89.32,market,87.36,bar,87.14
브런치빈_브런치빈 송파점_13.jpg,브런치빈,Brunch Spot,restaurant,89.32,market,87.36,bar,87.14
"사당,제단_오랑대_1689.jpg","사당,제단",Altar,bar,86.02,temple,85.98,stadium,84.69
"사당,제단_종묘_250.jpg","사당,제단",Altar,bar,86.02,temple,85.98,stadium,84.69
"사당,제단_종묘_251.jpg","사당,제단",Altar,bar,86.02,temple,85.98,stadium,84.69
"사당,제단_종묘_252.jpg","사당,제단",Altar,bar,86.02,temple,85.98,stadium,84.69
"사당,제단_참성단_1256.jpg","사당,제단",Altar,bar,86.02,temple,85.98,stadium,84.69
"사당,제단_참성단_1257.jpg","사당,제단",Altar,bar,86.02,temple,85.98,stadium,84.69
"사당,제단_참성단_1258.jpg","사당,제단",Altar,bar,86.02,temple,85.98,stadium,84.69
"산성,성곽_금정산성 동문_1686.jpg","산성,성곽",Fortress,stadium,87.92,tower,87.86,forest,87.63
"산성,성곽_금정산성 동문_1687.jpg","산성,성곽",Fortress,stadium,87.92,tower,87.86,forest,87.63
"산성,성곽_금정산성 동문_1688.jpg","산성,성곽",Fortress,stadium,87.92,tower,87.86,forest,87.63
"산성,성곽_남한산성_761.jpg","산성,성곽",Fortress,stadium,87.92,tower,87.86,forest,87.63
"산성,성곽_남한산성_762.jpg","산성,성곽",Fortress,stadium,87.92,tower,87.86,forest,87.63
"산성,성곽_남한산성_763.jpg","산성,성곽",Fortress,stadium,87.92,tower,87.86,forest,87.63
"산성,성곽_부산진성_1707.jpg","산성,성곽",Fortress,stadium,87.92,tower,87.86,forest,87.63
"산성,성곽_부산진성_1708.jpg","산성,성곽",Fortress,stadium,87.92,tower,87.86,forest,87.63
"산성,성곽_부산진성_1709.jpg","산성,성곽",Fortress,stadium,87.92,tower,87.86,forest,87.63
"산성,성곽_분오리돈대_1244.jpg","산성,성곽",Fortress,stadium,87.92,tower,87.86,forest,87.63
"산성,성곽_분오리돈대_1246.jpg","산성,성곽",Fortress,stadium,87.92,tower,87.86,forest,87.63
"산성,성곽_수원화성_756.jpg","산성,성곽",Fortress,stadium,87.92,tower,87.86,forest,87.63
"산성,성곽_수원화성_758.jpg","산성,성곽",Fortress,stadium,87.92,tower,87.86,forest,87.63
"산성,성곽_연천호로고루_779.jpg","산성,성곽",Fortress,stadium,87.92,tower,87.86,forest,87.63
"산성,성곽_초지진_1229.jpg","산성,성곽",Fortress,stadium,87.92,tower,87.86,forest,87.63
"산성,성곽_행주산성_764.jpg","산성,성곽",Fortress,stadium,87.92,tower,87.86,forest,87.63
"산성,성곽_행주산성_765.jpg","산성,성곽",Fortress,stadium,87.92,tower,87.86,forest,87.63
"산성,성곽_행주산성_766.jpg","산성,성곽",Fortress,stadium,87.92,tower,87.86,forest,87.63
삼겹살_골목고깃집_902.jpg,삼겹살,Pork belly,bakery,82.18,bar,82.13,market,81.62
삼겹살_골목식당_890.jpg,삼겹살,Pork belly,bakery,82.18,bar,82.13,market,81.62
삼겹살_골목식당_891.jpg,삼겹살,Pork belly,bakery,82.18,bar,82.13,market,81.62
삼겹살_골목식당_892.jpg,삼겹살,Pork belly,bakery,82.18,bar,82.13,market,81.62
"생태보존,서식지_을숙도생태공원 호수형습지_1603.jpg","생태보존,서식지",Habitat Conservation,zoo,86.38,trail,85.54,forest,85.4
"수목원,식물원_국립수목원_594.jpg","수목원,식물원",Botanical garden,garden,92.85,park,86.5,forest,85.97
"수목원,식물원_국립수목원_595.jpg","수목원,식물원",Botanical garden,garden,92.85,park,86.5,forest,85.97
"수목원,식물원_금강식물원_1577.jpg","수목원,식물원",Botanical garden,garden,92.85,park,86.5,forest,85.97
"수목원,식물원_금강식물원_1578.jpg","수목원,식물원",Botanical garden,garden,92.85,park,86.5,forest,85.97
"수목원,식물원_금강식물원_1579.jpg","수목원,식물원",Botanical garden,garden,92.85,park,86.5,forest,85.97
"수목원,식물원_남산야외식물원_97.jpg","수목원,식물원",Botanical garden,garden,92.85,park,86.5,forest,85.97
"수목원,식물원_남산야외식물원_98.jpg","수목원,식물원",Botanical garden,garden,92.85,park,86.5,forest,85.97
"수목원,식물원_대구수목원_1965.jpg","수목원,식물원",Botanical garden,garden,92.85,park,86.5,forest,85.97
"수목원,식물원_더그림_596.jpg","수목원,식물원",Botanical garden,garden,92.85,park,86.5,forest,85.97
"수목원,식물원_더그림_597.jpg","수목원,식물원",Botanical garden,garden,92.85,park,86.5,forest,85.97
"수목원,식물원_더그림_598.jpg","수목원,식물원",Botanical garden,garden,92.85,park,86.5,forest,85.97
"수목원,식물원_도당근린공원 백만송이장미원_617.jpg","수목원,식물원",Botanical garden,garden,92.85,park,86.5,forest,85.97
"수목원,식물원_도당근린공원 백만송이장미원_618.jpg","수목원,식물원",Botanical garden,garden,92.85,park,86.5,forest,85.97
"수목원,식물원_도당근린공원 백만송이장미원_619.jpg","수목원,식물원",Botanical garden,garden,92.85,park,86.5,forest,85.97
"수목원,식물원_물향기수목원_590.jpg","수목원,식물원",Botanical garden,garden,92.85,park,86.5,forest,85.97
"수목원,식물원_물향기수목원_591.jpg","수목원,식물원",Botanical garden,garden,92.85,park,86.5,forest,85.97
"수목원,식물원_물향기수목원_592.jpg","수목원,식물원",Botanical garden,garden,92.85,park,86.5,forest,85.97
"수목원,식물원_바다향기수목원_606.jpg","수목원,식물원",Botanical garden,garden,92.85,park,86.5,forest,85.97
"수목원,식물원_바다향기수목원_607.jpg","수목원,식물원",Botanical garden,garden,92.85,park,86.5,forest,85.97
"수목원,식물원_벽초지수목원_587.jpg","수목원,식물원",Botanical garden,garden,92.85,park,86.5,forest,85.97
"수목원,식물원_벽초지수목원_589.jpg","수목원,식물원",Botanical garden,garden,92.85,park,86.5,forest,85.97
"수목원,식물원_부산시수목전시원_1582.jpg","수목원,식물원",Botanical garden,garden,92.85,park,86.5,forest,85.97
"수목원,식물원_부산어린이식물원_1592.jpg","수목원,식물원",Botanical garden,garden,92.85,park,86.5,forest,85.97
"수목원,식물원_부산어린이식물원_1593.jpg","수목원,식물원",Botanical garden,garden,92.85,park,86.5,forest,85.97
"수목원,식물원_부산어린이식물원_1594.jpg","수목원,식물원",Botanical garden,garden,92.85,park,86.5,forest,85.97
"수목원,식물원_부산화명수목원_1568.jpg","수목원,식물원",Botanical garden,garden,92.85,park,86.5,forest,85.97
"수목원,식물원_부산화명수목원_1569.jpg","수목원,식물원",Botanical garden,garden,92.85,park,86.5,forest,85.97
"수목원,식물원_부산화명수목원_1570.jpg","수목원,식물원",Botanical garden,garden,92.85,park,86.5,forest,85.97
"수목원,식물원_북한산식물원_113.jpg","수목원,식물원",Botanical garden,garden,92.85,park,86.5,forest,85.97
"수목원,식물원_북한산식물원_114.jpg","수목원,식물원",Botanical garden,garden,92.85,park,86.5,forest,85.97
"수목원,식물원_사바나농장_115.jpg","수목원,식물원",Botanical garden,garden,92.85,park,86.5,forest,85.97
"수목원,식물원_사바나농장_116.jpg","수목원,식물원",Botanical garden,garden,92.85,park,86.5,forest,85.97
"수목원,식물원_사바나농장_117.jpg","수목원,식물원",Botanical garden,garden,92.85,park,86.5,forest,85.97
"수목원,식물원_서경하늘수목원_1601.jpg","수목원,식물원",Botanical garden,garden,92.85,park,86.5,forest,85.97
"수목원,식물원_서울식물원_88.jpg","수목원,식물원",Botanical garden,garden,92.85,park,86.5,forest,85.97
"수목원,식물원_서울어린이대공원 식물원_106.jpg","수목원,식물원",Botanical garden,garden,92.85,park,86.5,forest,85.97
"수목원,식물원_서울어린이대공원 식물원_107.jpg","수목원,식물원",Botanical garden,garden,92.85,park,86.5,forest,85.97
"수목원,식물원_서울어린이대공원 식물원_108.jpg","수목원,식물원",Botanical garden,garden,92.85,park,86.5,forest,85.97
"수목원,식물원_석모도수목원_1101.jpg","수목원,식물원",Botanical garden,garden,92.85,park,86.5,forest,85.97
"수목원,식물원_석모도수목원_1102.jpg","수목원,식물원",Botanical garden,garden,92.85,park,86.5,forest,85.97
"수목원,식물원_석모도수목원_1103.jpg","수목원,식물원",Botanical garden,garden,92.85,park,86.5,forest,85.97
"수목원,식물원_선유도공원 시간의정원_104.jpg","수목원,식물원",Botanical garden,garden,92.85,park,86.5,forest,85.97
"수목원,식물원_선유도공원 온실_124.jpg","수목원,식물원",Botanical garden,garden,92.85,park,86.5,forest,85.97
"수목원,식물원_세미원_578.jpg","수목원,식물원",Botanical garden,garden,92.85,park,86.5,forest,85.97
"수목원,식물원_세미원_579.jpg","수목원,식물원",Botanical garden,garden,92.85,park,86.5,forest,85.97
"수목원,식물원_세미원_580.jpg","수목원,식물원",Botanical garden,garden,92.85,park,86.5,forest,85.97
"수목원,식물원_신구대학교식물원_608.jpg","수목원,식물원",Botanical garden,garden,92.85,park,86.5,forest,85.97
"수목원,식물원_신구대학교식물원_610.jpg","수목원,식물원",Botanical garden,garden,92.85,park,86.5,forest,85.97
"수목원,식물원_아차산어울림정원 자생식물원_121.jpg","수목원,식물원",Botanical garden,garden,92.85,park,86.5,forest,85.97
"수목원,식물원_아차산어울림정원 자생식물원_122.jpg","수목원,식물원",Botanical garden,garden,92.85,park,86.5,forest,85.97
"수목원,식물원_아침고요수목원_585.jpg","수목원,식물원",Botanical garden,garden,92.85,park,86.5,forest,85.97
"수목원,식물원_아침고요수목원_586.jpg","수목원,식물원",Botanical garden,garden,92.85,park,86.5,forest,85.97
"수목원,식물원_아홉산숲_1572.jpg","수목원,식물원",Botanical garden,garden,92.85,park,86.5,forest,85.97
"수목원,식물원_아홉산숲_1573.jpg","수목원,식물원",Botanical garden,garden,92.85,park,86.5,forest,85.97
"수목원,식물원_영흥수목원_612.jpg","수목원,식물원",Botanical garden,garden,92.85,park,86.5,forest,85.97
"수목원,식물원_영흥수목원_613.jpg","수목원,식물원",Botanical garden,garden,92.85,park,86.5,forest,85.97
"수목원,식물원_인천나비공원 수생식물원_1098.jpg","수목원,식물원",Botanical garden,garden,92.85,park,86.5,forest,85.97
"수목원,식물원_인천나비공원 수생식물원_1099.jpg","수목원,식물원",Botanical garden,garden,92.85,park,86.5,forest,85.97
"수목원,식물원_인천수목원_1090.jpg","수목원,식물원",Botanical garden,garden,92.85,park,86.5,forest,85.97
"수목원,식물원_인천수목원_1091.jpg","수목원,식물원",Botanical garden,garden,92.85,park,86.5,forest,85.97
"수목원,식물원_인천환경공단 청라생태공원 온실_1104.jpg","수목원,식물원",Botanical garden,garden,92.85,park,86.5,forest,85.97
"수목원,식물원_인천환경공단 청라생태공원 온실_1105.jpg","수목원,식물원",Botanical garden,garden,92.85,park,86.5,forest,85.97
"수목원,식물원_장산산림욕장_1591.jpg","수목원,식물원",Botanical garden,garden,92.85,park,86.5,forest,85.97
"수목원,식물원_창경궁 대온실_94.jpg","수목원,식물원",Botanical garden,garden,92.85,park,86.5,forest,85.97
"수목원,식물원_창경궁 대온실_95.jpg","수목원,식물원",Botanical garden,garden,92.85,park,86.5,forest,85.97
"수목원,식물원_창경궁 대온실_96.jpg","수목원,식물원",Botanical garden,garden,92.85,park,86.5,forest,85.97
"수목원,식물원_푸른수목원_91.jpg","수목원,식물원",Botanical garden,garden,92.85,park,86.5,forest,85.97
"수목원,식물원_푸른수목원_92.jpg","수목원,식물원",Botanical garden,garden,92.85,park,86.5,forest,85.97
"수목원,식물원_푸른수목원_93.jpg","수목원,식물원",Botanical garden,garden,92.85,park,86.5,forest,85.97
"수목원,식물원_한택식물원_602.jpg","수목원,식물원",Botanical garden,garden,92.85,park,86.5,forest,85.97
"수목원,식물원_한택식물원_603.jpg","수목원,식물원",Botanical garden,garden,92.85,park,86.5,forest,85.97
"수목원,식물원_한택식물원_604.jpg","수목원,식물원",Botanical garden,garden,92.85,park,86.5,forest,85.97
"수목원,식물원_해운대수목원_1574.jpg","수목원,식물원",Botanical garden,garden,92.85,park,86.5,forest,85.97
"수목원,식물원_해운대수목원_1576.jpg","수목원,식물원",Botanical garden,garden,92.85,park,86.5,forest,85.97
"수목원,식물원_화담숲_583.jpg","수목원,식물원",Botanical garden,garden,92.85,park,86.5,forest,85.97
"수목원,식물원_황학산수목원_620.jpg","수목원,식물원",Botanical garden,garden,92.85,park,86.5,forest,85.97
순대_골목순대국_390.jpg,순대,Sundae,gallery,84.33,bar,83.95,park,83.24
순대_골목순대국_391.jpg,순대,Sundae,gallery,84.33,bar,83.95,park,83.24
순대_골목순대국_392.jpg,순대,Sundae,gallery,84.33,bar,83.95,park,83.24
술집_숨은골목_388.jpg,술집,Pub,bar,92.76,theater,89.54,restaurant,89.37
시장_가락시장_336.jpg,시장,Market,market,100.0,street,91.07,festival,89.61
시장_가락시장_337.jpg,시장,Market,market,100.0,street,91.07,festival,89.61
시장_가락시장_338.jpg,시장,Market,market,100.0,street,91.07,festival,89.61
시장_강남시장_1337.jpg,시장,Market,market,100.0,street,91.07,festival,89.61
시장_강화풍물시장_1328.jpg,시장,Market,market,100.0,street,91.07,festival,89.61
시장_경동시장_333.jpg,시장,Market,market,100.0,street,91.07,festival,89.61
시장_경동시장_334.jpg,시장,Market,market,100.0,street,91.07,festival,89.61
시장_계양산전통시장_1334.jpg,시장,Market,market,100.0,street,91.07,festival,89.61
시장_계양산전통시장_1335.jpg,시장,Market,market,100.0,street,91.07,festival,89.61
시장_계양산전통시장_1336.jpg,시장,Market,market,100.0,street,91.07,festival,89.61
시장_광명전통시장_869.jpg,시장,Market,market,100.0,street,91.07,festival,89.61
시장_광장시장_321.jpg,시장,Market,market,100.0,street,91.07,festival,89.61
시장_광장시장_323.jpg,시장,Market,market,100.0,street,91.07,festival,89.61
시장_교동대룡시장_1313.jpg,시장,Market,market,100.0,street,91.07,festival,89.61
시장_교동대룡시장_1314.jpg,시장,Market,market,100.0,street,91.07,festival,89.61
시장_교동대룡시장_1315.jpg,시장,Market,market,100.0,street,91.07,festival,89.61
시장_구리전통시장_851.jpg,시장,Market,market,100.0,street,91.07,festival,89.61
시장_구리전통시장_853.jpg,시장,Market,market,100.0,street,91.07,festival,89.61
시장_구포시장_1774.jpg,시장,Market,market,100.0,street,91.07,festival,89.61
시장_구포시장_1775.jpg,시장,Market,market,100.0,street,91.07,festival,89.61
시장_국제시장_1764.jpg,시장,Market,market,100.0,street,91.07,festival,89.61
시장_국제시장_1766.jpg,시장,Market,market,100.0,street,91.07,festival,89.61
시장_기장시장_1786.jpg,시장,Market,market,100.0,street,91.07,festival,89.61
시장_기장시장_1787.jpg,시장,Market,market,100.0,street,91.07,festival,89.61
시장_남대문시장_325.jpg,시장,Market,market,100.0,street,91.07,festival,89.61
시장_남촌농산물도매시장_1322.jpg,시장,Market,market,100.0,street,91.07,festival,89.61
시장_남촌농산물도매시장_1323.jpg,시장,Market,market,100.0,street,91.07,festival,89.61
시장_남촌농산물도매시장_1324.jpg,시장,Market,market,100.0,street,91.07,festival,89.61
시장_노량진수산물도매시장_340.jpg,시장,Market,market,100.0,street,91.07,festival,89.61
시장_노량진수산물도매시장_341.jpg,시장,Market,market,100.0,street,91.07,festival,89.61
시장_독립문 영천시장_363.jpg,시장,Market,market,100.0,street,91.07,festival,89.61
시장_동대문종합시장_330.jpg,시장,Market,market,100.0,street,91.07,festival,89.61
시장_동대문종합시장_332.jpg,시장,Market,market,100.0,street,91.07,festival,89.61
시장_동래시장_1782.jpg,시장,Market,market,100.0,street,91.07,festival,89.61
시장_동래시장_1783.jpg,시장,Market,market,100.0,street,91.07,festival,89.61
시장_동래시장_1784.jpg,시장,Market,market,100.0,street,91.07,festival,89.61
시장_동묘시장_345.jpg,시장,Market,market,100.0,street,91.07,festival,89.61
시장_동묘시장_347.jpg,시장,Market,market,100.0,street,91.07,festival,89.61
시장_마장축산물시장_357.jpg,시장,Market,market,100.0,street,91.07,festival,89.61
시장_마장축산물시장_358.jpg,시장,Market,market,100.0,street,91.07,festival,89.61
시장_마장축산물시장_359.jpg,시장,Market,market,100.0,street,91.07,festival,89.61
시장_망원시장_327.jpg,시장,Market,market,100.0,street,91.07,festival,89.61
시장_망원시장_328.jpg,시장,Market,market,100.0,street,91.07,festival,89.61
시장_망원시장_329.jpg,시장,Market,market,100.0,street,91.07,festival,89.61
시장_모란민속5일장_842.jpg,시장,Market,market,100.0,street,91.07,festival,89.61
시장_모란민속5일장_843.jpg,시장,Market,market,100.0,street,91.07,festival,89.61
시장_모래내시장_1316.jpg,시장,Market,market,100.0,street,91.07,festival,89.61
시장_모래내시장_1317.jpg,시장,Market,market,100.0,street,91.07,festival,89.61
시장_목동깨비시장_351.jpg,시장,Market,market,100.0,street,91.07,festival,89.61
시장_목동깨비시장_352.jpg,시장,Market,market,100.0,street,91.07,festival,89.61
시장_목동깨비시장_353.jpg,시장,Market,market,100.0,street,91.07,festival,89.61
시장_민락회타운시장_1798.jpg,시장,Market,market,100.0,street,91.07,festival,89.61
시장_반여농산물도매시장_1779.jpg,시장,Market,market,100.0,street,91.07,festival,89.61
시장_반여농산물도매시장_1780.jpg,시장,Market,market,100.0,street,91.07,festival,89.61
시장_반여농산물도매시장_1781.jpg,시장,Market,market,100.0,street,91.07,festival,89.61
시장_발안만세시장_875.jpg,시장,Market,market,100.0,street,91.07,festival,89.61
시장_발안만세시장_876.jpg,시장,Market,market,100.0,street,91.07,festival,89.61
시장_방산시장_360.jpg,시장,Market,market,100.0,street,91.07,festival,89.61
시장_방산시장_361.jpg,시장,Market,market,100.0,street,91.07,festival,89.61
시장_방산시장_362.jpg,시장,Market,market,100.0,street,91.07,festival,89.61
시장_부산진시장_1767.jpg,시장,Market,market,100.0,street,91.07,festival,89.61
시장_부산진시장_1768.jpg,시장,Market,market,100.0,street,91.07,festival,89.61
시장_부산진시장_1769.jpg,시장,Market,market,100.0,street,91.07,festival,89.61
시장_부전시장_1758.jpg,시장,Market,market,100.0,street,91.07,festival,89.61
시장_부전시장_1759.jpg,시장,Market,market,100.0,street,91.07,festival,89.61
시장_부전시장_1760.jpg,시장,Market,market,100.0,street,91.07,festival,89.61
시장_부평깡통시장_1761.jpg,시장,Market,market,100.0,street,91.07,festival,89.61
시장_부평깡통시장_1762.jpg,시장,Market,market,100.0,street,91.07,festival,89.61
시장_부평깡통시장_1763.jpg,시장,Market,market,100.0,street,91.07,festival,89.61
시장_부평종합시장_1325.jpg,시장,Market,market,100.0,street,91.07,festival,89.61
시장_삼미시장_845.jpg,시장,Market,market,100.0,street,91.07,festival,89.61
시장_삼미시장_846.jpg,시장,Market,market,100.0,street,91.07,festival,89.61
시장_삼산농산물도매시장_1346.jpg,시장,Market,market,100.0,street,91.07,festival,89.61
시장_삼산농산물도매시장_1347.jpg,시장,Market,market,100.0,street,91.07,festival,89.61
시장_삼산농산물도매시장_1348.jpg,시장,Market,market,100.0,street,91.07,festival,89.61
시장_서면시장_1795.jpg,시장,Market,market,100.0,street,91.07,festival,89.61
시장_서울풍물시장_354.jpg,시장,Market,market,100.0,street,91.07,festival,89.61
시장_서울풍물시장_355.jpg,시장,Market,market,100.0,street,91.07,festival,89.61
시장_서울풍물시장_356.jpg,시장,Market,market,100.0,street,91.07,festival,89.61
시장_서원시장_1791.jpg,시장,Market,market,100.0,street,91.07,festival,89.61
시장_성남중앙공설시장_878.jpg,시장,Market,market,100.0,street,91.07,festival,89.61
시장_성남중앙공설시장_880.jpg,시장,Market,market,100.0,street,91.07,festival,89.61
시장_소래포구종합어시장_1310.jpg,시장,Market,market,100.0,street,91.07,festival,89.61
시장_수원시농수산물도매시장_860.jpg,시장,Market,market,100.0,street,91.07,festival,89.61
시장_수원시농수산물도매시장_861.jpg,시장,Market,market,100.0,street,91.07,festival,89.61
시장_수원시농수산물도매시장_862.jpg,시장,Market,market,100.0,street,91.07,festival,89.61
시장_신기시장_1331.jpg,시장,Market,market,100.0,street,91.07,festival,89.61
시장_신기시장_1333.jpg,시장,Market,market,100.0,street,91.07,festival,89.61
시장_신흥시장_343.jpg,시장,Market,market,100.0,street,91.07,festival,89.61
시장_신흥시장_344.jpg,시장,Market,market,100.0,street,91.07,festival,89.61
시장_안양농수산물도매시장 수산동_881.jpg,시장,Market,market,100.0,street,91.07,festival,89.61
시장_안양농수산물도매시장 수산동_882.jpg,시장,Market,market,100.0,street,91.07,festival,89.61
시장_안양농수산물도매시장 수산동_883.jpg,시장,Market,market,100.0,street,91.07,festival,89.61
시장_안양중앙시장_866.jpg,시장,Market,market,100.0,street,91.07,festival,89.61
시장_안양중앙시장_867.jpg,시장,Market,market,100.0,street,91.07,festival,89.61
시장_안양중앙시장_868.jpg,시장,Market,market,100.0,street,91.07,festival,89.61
시장_용인중앙시장_854.jpg,시장,Market,market,100.0,street,91.07,festival,89.61
시장_용인중앙시장_855.jpg,시장,Market,market,100.0,street,91.07,festival,89.61
시장_용인중앙시장_856.jpg,시장,Market,market,100.0,street,91.07,festival,89.61
시장_용현시장_1340.jpg,시장,Market,market,100.0,street,91.07,festival,89.61
시장_용현시장_1341.jpg,시장,Market,market,100.0,street,91.07,festival,89.61
시장_용현시장_1342.jpg,시장,Market,market,100.0,street,91.07,festival,89.61
시장_원당시장_884.jpg,시장,Market,market,100.0,street,91.07,festival,89.61
시장_원당시장_886.jpg,시장,Market,market,100.0,street,91.07,festival,89.61
시장_의정부제일시장_872.jpg,시장,Market,market,100.0,street,91.07,festival,89.61
시장_의정부제일시장_873.jpg,시장,Market,market,100.0,street,91.07,festival,89.61
시장_의정부제일시장_874.jpg,시장,Market,market,100.0,street,91.07,festival,89.61
시장_인천석바위시장_1352.jpg,시장,Market,market,100.0,street,91.07,festival,89.61
시장_인천석바위시장_1353.jpg,시장,Market,market,100.0,street,91.07,festival,89.61
시장_인천석바위시장_1354.jpg,시장,Market,market,100.0,street,91.07,festival,89.61
시장_인천종합어시장_1319.jpg,시장,Market,market,100.0,street,91.07,festival,89.61
시장_인천종합어시장_1320.jpg,시장,Market,market,100.0,street,91.07,festival,89.61
시장_인천종합어시장_1321.jpg,시장,Market,market,100.0,street,91.07,festival,89.61
시장_일산시장_848.jpg,시장,Market,market,100.0,street,91.07,festival,89.61
시장_자유도매시장_1789.jpg,시장,Market,market,100.0,street,91.07,festival,89.61
시장_자유도매시장_1790.jpg,시장,Market,market,100.0,street,91.07,festival,89.61
시장_장림골목시장_1777.jpg,시장,Market,market,100.0,street,91.07,festival,89.61
시장_장림골목시장_1778.jpg,시장,Market,market,100.0,street,91.07,festival,89.61
시장_정서진중앙시장_1343.jpg,시장,Market,market,100.0,street,91.07,festival,89.61
시장_정서진중앙시장_1344.jpg,시장,Market,market,100.0,street,91.07,festival,89.61
시장_토지금고시장_1349.jpg,시장,Market,market,100.0,street,91.07,festival,89.61
시장_토지금고시장_1351.jpg,시장,Market,market,100.0,street,91.07,festival,89.61
시장_해운대전통시장_1770.jpg,시장,Market,market,100.0,street,91.07,festival,89.61
시장_해운대전통시장_1771.jpg,시장,Market,market,100.0,street,91.07,festival,89.61
시장_해운대전통시장_1772.jpg,시장,Market,market,100.0,street,91.07,festival,89.61
실내포장마차_골목정원_1355.jpg,실내포장마차,Indoor food stall,restaurant,88.02,market,87.14,festival,84.98
실내포장마차_골목포차_1801.jpg,실내포장마차,Indoor food stall,restaurant,88.02,market,87.14,festival,84.98
아파트_수목원호정포레스트아파트_1977.jpg,아파트,Apartment,restaurant,87.79,department store,87.77,street,86.85
양식_낭만놀이_1908.jpg,양식,Western cuisine,restaurant,88.66,market,88.08,theater,87.16
양식_디노브런치앤다이닝_1502.jpg,양식,Western cuisine,restaurant,88.66,market,88.08,theater,87.16
양식_디노브런치앤다이닝_1503.jpg,양식,Western cuisine,restaurant,88.66,market,88.08,theater,87.16
양식_디노브런치앤다이닝_1504.jpg,양식,Western cuisine,restaurant,88.66,market,88.08,theater,87.16
양식_로앤쿡드 더브런치_42.jpg,양식,Western cuisine,restaurant,88.66,market,88.08,theater,87.16
양식_문라이트브런치카페_1914.jpg,양식,Western cuisine,restaurant,88.66,market,88.08,theater,87.16
양식_문라이트브런치카페_1915.jpg,양식,Western cuisine,restaurant,88.66,market,88.08,theater,87.16
양식_문라이트브런치카페_1916.jpg,양식,Western cuisine,restaurant,88.66,market,88.08,theater,87.16
양식_브런치 앤 디너 테라비 부산대점_1515.jpg,양식,Western cuisine,restaurant,88.66,market,88.08,theater,87.16
양식_브런치 앤 디너 테라비 부산대점_1516.jpg,양식,Western cuisine,restaurant,88.66,market,88.08,theater,87.16
양식_서울바다카페_486.jpg,양식,Western cuisine,restaurant,88.66,market,88.08,theater,87.16
양식_서울바다카페_487.jpg,양식,Western cuisine,restaurant,88.66,market,88.08,theater,87.16
양식_서울바다카페_488.jpg,양식,Western cuisine,restaurant,88.66,market,88.08,theater,87.16
양식_이디엘브런치하우스_1893.jpg,양식,Western cuisine,restaurant,88.66,market,88.08,theater,87.16
양식_이디엘브런치하우스_1894.jpg,양식,Western cuisine,restaurant,88.66,market,88.08,theater,87.16
양식_퐁당퐁당브런치_536.jpg,양식,Western cuisine,restaurant,88.66,market,88.08,theater,87.16
온천_수목원생활온천_1975.jpg,온천,Hot spring,fountain,85.34,river,85.23,waterfall,84.39
온천_수목원생활온천_1976.jpg,온천,Hot spring,fountain,85.34,river,85.23,waterfall,84.39
워터테마파크_누리워터파크_1295.jpg,워터테마파크,Water park,amusement park,88.8,park,88.7,river,88.0
워터테마파크_누리워터파크_1296.jpg,워터테마파크,Water park,amusement park,88.8,park,88.7,river,88.0
워터테마파크_씨랄라워터파크_288.jpg,워터테마파크,Water park,amusement park,88.8,park,88.7,river,88.0
워터테마파크_아쿠아필드 고양_836.jpg,워터테마파크,Water park,amusement park,88.8,park,88.7,river,88.0
워터테마파크_아쿠아필드 하남_833.jpg,워터테마파크,Water park,amusement park,88.8,park,88.7,river,88.0
워터테마파크_아쿠아필드 하남_834.jpg,워터테마파크,Water park,amusement park,88.8,park,88.7,river,88.0
워터테마파크_아쿠아필드 하남_835.jpg,워터테마파크,Water park,amusement park,88.8,park,88.7,river,88.0
워터테마파크_웅진플레이도시_824.jpg,워터테마파크,Water park,amusement park,88.8,park,88.7,river,88.0
워터테마파크_웅진플레이도시_825.jpg,워터테마파크,Water park,amusement park,88.8,park,88.7,river,88.0
워터테마파크_웅진플레이도시_826.jpg,워터테마파크,Water park,amusement park,88.8,park,88.7,river,88.0
워터테마파크_인스파이어 스플래시 베이_1293.jpg,워터테마파크,Water park,amusement park,88.8,park,88.7,river,88.0
워터테마파크_인스파이어 스플래시 베이_1294.jpg,워터테마파크,Water park,amusement park,88.8,park,88.7,river,88.0
워터테마파크_캐리비안베이_818.jpg,워터테마파크,Water park,amusement park,88.8,park,88.7,river,88.0
워터테마파크_캐리비안베이_819.jpg,워터테마파크,Water park,amusement park,88.8,park,88.7,river,88.0
워터테마파크_캐리비안베이_820.jpg,워터테마파크,Water park,amusement park,88.8,park,88.7,river,88.0
워터테마파크_클럽디오아시스_1731.jpg,워터테마파크,Water park,amusement park,88.8,park,88.7,river,88.0
워터테마파크_클럽디오아시스_1732.jpg,워터테마파크,Water park,amusement park,88.8,park,88.7,river,88.0
워터테마파크_클럽디오아시스_1733.jpg,워터테마파크,Water park,amusement park,88.8,park,88.7,river,88.0
워터테마파크_파라다이스시티 씨메르_1273.jpg,워터테마파크,Water park,amusement park,88.8,park,88.7,river,88.0
유적지_갑곶돈대_1239.jpg,유적지,Historic site,museum,90.96,stadium,90.86,temple,89.1
유적지_강화광성보_1223.jpg,유적지,Historic site,museum,90.96,stadium,90.86,temple,89.1
유적지_강화광성보_1224.jpg,유적지,Historic site,museum,90.96,stadium,90.86,temple,89.1
유적지_덕진진_1250.jpg,유적지,Historic site,museum,90.96,stadium,90.86,temple,89.1
유적지_덕진진_1251.jpg,유적지,Historic site,museum,90.96,stadium,90.86,temple,89.1
유적지_덕진진_1252.jpg,유적지,Historic site,museum,90.96,stadium,90.86,temple,89.1
유적지_방화수류정_767.jpg,유적지,Historic site,museum,90.96,stadium,90.86,temple,89.1
유적지_방화수류정_768.jpg,유적지,Historic site,museum,90.96,stadium,90.86,temple,89.1
유적지_방화수류정_769.jpg,유적지,Historic site,museum,90.96,stadium,90.86,temple,89.1
유적지_제물포구락부_1253.jpg,유적지,Historic site,museum,90.96,stadium,90.86,temple,89.1
유적지_제물포구락부_1254.jpg,유적지,Historic site,museum,90.96,stadium,90.86,temple,89.1
"육류,고기_골목안정원_404.jpg","육류,고기",Meat,market,88.94,street,88.41,theater,87.89
"육류,고기_골목흑돼지_382.jpg","육류,고기",Meat,market,88.94,street,88.41,theater,87.89
의류판매_브런치_1511.jpg,의류판매,Clothing retail,department store,90.14,market,87.99,theater,87.16
인천1호선_검단호수공원역 인천1호선_1120.jpg,인천1호선,Incheon Line 1,trail,79.63,gallery,78.38,street,78.19
인터넷쇼핑몰_선데이브런치_1049.jpg,인터넷쇼핑몰,Online store,gallery,90.38,market,90.12,department store,89.58
입출구_부산박물관 정문_1660.jpg,입출구,Entrance/Exit,gallery,86.8,trail,86.79,street,86.16
입출구_서서울 호수공원 입구마당_148.jpg,입출구,Entrance/Exit,gallery,86.8,trail,86.79,street,86.16
입출구_호수공원 출입구1_1128.jpg,입출구,Entrance/Exit,gallery,86.8,trail,86.79,street,86.16
입출구_호수공원 출입구1_1129.jpg,입출구,Entrance/Exit,gallery,86.8,trail,86.79,street,86.16
입출구_호수공원 출입구1_1130.jpg,입출구,Entrance/Exit,gallery,86.8,trail,86.79,street,86.16
전망대_G타워전망대_1422.jpg,전망대,Observation deck,observatory,89.36,tower,86.92,stadium,83.6
전망대_G타워전망대_1423.jpg,전망대,Observation deck,observatory,89.36,tower,86.92,stadium,83.6
전망대_N서울타워_408.jpg,전망대,Observation deck,observatory,89.36,tower,86.92,stadium,83.6
전망대_N서울타워_409.jpg,전망대,Observation deck,observatory,89.36,tower,86.92,stadium,83.6
전망대_N서울타워_410.jpg,전망대,Observation deck,observatory,89.36,tower,86.92,stadium,83.6
전망대_가람누리 전망대_960.jpg,전망대,Observation deck,observatory,89.36,tower,86.92,stadium,83.6
전망대_가람누리 전망대_961.jpg,전망대,Observation deck,observatory,89.36,tower,86.92,stadium,83.6
전망대_감천문화마을 하늘마루전망대_1886.jpg,전망대,Observation deck,observatory,89.36,tower,86.92,stadium,83.6
전망대_강화제적봉 평화전망대_1400.jpg,전망대,Observation deck,observatory,89.36,tower,86.92,stadium,83.6
전망대_강화제적봉 평화전망대_1401.jpg,전망대,Observation deck,observatory,89.36,tower,86.92,stadium,83.6
전망대_강화제적봉 평화전망대_1402.jpg,전망대,Observation deck,observatory,89.36,tower,86.92,stadium,83.6
전망대_광진교8번가_417.jpg,전망대,Observation deck,observatory,89.36,tower,86.92,stadium,83.6
전망대_광진교8번가_418.jpg,전망대,Observation deck,observatory,89.36,tower,86.92,stadium,83.6
전망대_광진교8번가_419.jpg,전망대,Observation deck,observatory,89.36,tower,86.92,stadium,83.6
전망대_교동도 망향대_1407.jpg,전망대,Observation deck,observatory,89.36,tower,86.92,stadium,83.6
전망대_교동도 망향대_1408.jpg,전망대,Observation deck,observatory,89.36,tower,86.92,stadium,83.6
전망대_구리타워_940.jpg,전망대,Observation deck,observatory,89.36,tower,86.92,stadium,83.6
전망대_구리타워_941.jpg,전망대,Observation deck,observatory,89.36,tower,86.92,stadium,83.6
전망대_금광호수하늘전망대_963.jpg,전망대,Observation deck,observatory,89.36,tower,86.92,stadium,83.6
전망대_금광호수하늘전망대_964.jpg,전망대,Observation deck,observatory,89.36,tower,86.92,stadium,83.6
전망대_금광호수하늘전망대_965.jpg,전망대,Observation deck,observatory,89.36,tower,86.92,stadium,83.6
전망대_김포국제공항 국내선청사 공항전망대_435.jpg,전망대,Observation deck,observatory,89.36,tower,86.92,stadium,83.6
전망대_김포국제공항 국내선청사 공항전망대_436.jpg,전망대,Observation deck,observatory,89.36,tower,86.92,stadium,83.6
전망대_낙산공원 제1전망광장_426.jpg,전망대,Observation deck,observatory,89.36,tower,86.92,stadium,83.6
전망대_낙산공원 제1전망광장_428.jpg,전망대,Observation deck,observatory,89.36,tower,86.92,stadium,83.6
전망대_대항전망대_1881.jpg,전망대,Observation deck,observatory,89.36,tower,86.92,stadium,83.6
전망대_대항전망대_1882.jpg,전망대,Observation deck,observatory,89.36,tower,86.92,stadium,83.6
전망대_도라산전망대_942.jpg,전망대,Observation deck,observatory,89.36,tower,86.92,stadium,83.6
전망대_도라산전망대_943.jpg,전망대,Observation deck,observatory,89.36,tower,86.92,stadium,83.6
전망대_도라산전망대_944.jpg,전망대,Observation deck,observatory,89.36,tower,86.92,stadium,83.6
전망대_동백섬 누리마루전망대_1878.jpg,전망대,Observation deck,observatory,89.36,tower,86.92,stadium,83.6
전망대_동백섬 누리마루전망대_1879.jpg,전망대,Observation deck,observatory,89.36,tower,86.92,stadium,83.6
전망대_동백섬 누리마루전망대_1880.jpg,전망대,Observation deck,observatory,89.36,tower,86.92,stadium,83.6
전망대_동생말 전망대_1863.jpg,전망대,Observation deck,observatory,89.36,tower,86.92,stadium,83.6
전망대_동생말 전망대_1864.jpg,전망대,Observation deck,observatory,89.36,tower,86.92,stadium,83.6
전망대_동생말 전망대_1865.jpg,전망대,Observation deck,observatory,89.36,tower,86.92,stadium,83.6
전망대_동작대교전망쉼터_425.jpg,전망대,Observation deck,observatory,89.36,tower,86.92,stadium,83.6
전망대_마장호수 전망대_936.jpg,전망대,Observation deck,observatory,89.36,tower,86.92,stadium,83.6
전망대_마장호수 전망대_937.jpg,전망대,Observation deck,observatory,89.36,tower,86.92,stadium,83.6
전망대_무무대전망대_432.jpg,전망대,Observation deck,observatory,89.36,tower,86.92,stadium,83.6
전망대_무무대전망대_433.jpg,전망대,Observation deck,observatory,89.36,tower,86.92,stadium,83.6
전망대_무무대전망대_434.jpg,전망대,Observation deck,observatory,89.36,tower,86.92,stadium,83.6
전망대_백운산전망대_1443.jpg,전망대,Observation deck,observatory,89.36,tower,86.92,stadium,83.6
전망대_백운산전망대_1444.jpg,전망대,Observation deck,observatory,89.36,tower,86.92,stadium,83.6
전망대_부산엑스더스카이_1851.jpg,전망대,Observation deck,observatory,89.36,tower,86.92,stadium,83.6
전망대_부산엑스더스카이_1852.jpg,전망대,Observation deck,observatory,89.36,tower,86.92,stadium,83.6
전망대_부산엑스더스카이_1853.jpg,전망대,Observation deck,observatory,89.36,tower,86.92,stadium,83.6
전망대_부산타워_1857.jpg,전망대,Observation deck,observatory,89.36,tower,86.92,stadium,83.6
전망대_부산타워_1859.jpg,전망대,Observation deck,observatory,89.36,tower,86.92,stadium,83.6
전망대_북서울꿈의숲 전망대_446.jpg,전망대,Observation deck,observatory,89.36,tower,86.92,stadium,83.6
전망대_서울스카이_411.jpg,전망대,Observation deck,observatory,89.36,tower,86.92,stadium,83.6
전망대_서울스카이_412.jpg,전망대,Observation deck,observatory,89.36,tower,86.92,stadium,83.6
전망대_서울스카이_413.jpg,전망대,Observation deck,observatory,89.36,tower,86.92,stadium,83.6
전망대_선유도공원 선유도전망대_429.jpg,전망대,Observation deck,observatory,89.36,tower,86.92,stadium,83.6
전망대_선유도공원 선유도전망대_430.jpg,전망대,Observation deck,observatory,89.36,tower,86.92,stadium,83.6
전망대_선유도공원 선유도전망대_431.jpg,전망대,Observation deck,observatory,89.36,tower,86.92,stadium,83.6
전망대_송산그린시티전망대_952.jpg,전망대,Observation deck,observatory,89.36,tower,86.92,stadium,83.6
전망대_수원산정상전망대_957.jpg,전망대,Observation deck,observatory,89.36,tower,86.92,stadium,83.6
전망대_수원산정상전망대_959.jpg,전망대,Observation deck,observatory,89.36,tower,86.92,stadium,83.6
전망대_시화달전망대 시화이루나타워_930.jpg,전망대,Observation deck,observatory,89.36,tower,86.92,stadium,83.6
전망대_아라마루전망대_1403.jpg,전망대,Observation deck,observatory,89.36,tower,86.92,stadium,83.6
전망대_아라마루전망대_1404.jpg,전망대,Observation deck,observatory,89.36,tower,86.92,stadium,83.6
전망대_아라마루전망대_1405.jpg,전망대,Observation deck,observatory,89.36,tower,86.92,stadium,83.6
전망대_아라타워_1409.jpg,전망대,Observation deck,observatory,89.36,tower,86.92,stadium,83.6
전망대_아라타워_1410.jpg,전망대,Observation deck,observatory,89.36,tower,86.92,stadium,83.6
전망대_아라타워_1411.jpg,전망대,Observation deck,observatory,89.36,tower,86.92,stadium,83.6
전망대_아라폭포전망대_1430.jpg,전망대,Observation deck,observatory,89.36,tower,86.92,stadium,83.6
전망대_아라폭포전망대_1431.jpg,전망대,Observation deck,observatory,89.36,tower,86.92,stadium,83.6
전망대_아라폭포전망대_1432.jpg,전망대,Observation deck,observatory,89.36,tower,86.92,stadium,83.6
전망대_아미산전망대_1860.jpg,전망대,Observation deck,observatory,89.36,tower,86.92,stadium,83.6
전망대_아미산전망대_1861.jpg,전망대,Observation deck,observatory,89.36,tower,86.92,stadium,83.6
전망대_아미산전망대_1862.jpg,전망대,Observation deck,observatory,89.36,tower,86.92,stadium,83.6
전망대_에코델타시티전망대_1877.jpg,전망대,Observation deck,observatory,89.36,tower,86.92,stadium,83.6
전망대_영도하늘전망대_1869.jpg,전망대,Observation deck,observatory,89.36,tower,86.92,stadium,83.6
전망대_영종씨사이드 바다전망대_1435.jpg,전망대,Observation deck,observatory,89.36,tower,86.92,stadium,83.6
전망대_오두산통일전망대_921.jpg,전망대,Observation deck,observatory,89.36,tower,86.92,stadium,83.6
전망대_오두산통일전망대_922.jpg,전망대,Observation deck,observatory,89.36,tower,86.92,stadium,83.6
전망대_오륙도스카이워크_1842.jpg,전망대,Observation deck,observatory,89.36,tower,86.92,stadium,83.6
전망대_오륙도스카이워크_1843.jpg,전망대,Observation deck,observatory,89.36,tower,86.92,stadium,83.6
전망대_오션스코프 경관조형물_1437.jpg,전망대,Observation deck,observatory,89.36,tower,86.92,stadium,83.6
전망대_오션스코프 경관조형물_1438.jpg,전망대,Observation deck,observatory,89.36,tower,86.92,stadium,83.6
전망대_용유하늘전망대_1439.jpg,전망대,Observation deck,observatory,89.36,tower,86.92,stadium,83.6
전망대_용유하늘전망대_1440.jpg,전망대,Observation deck,observatory,89.36,tower,86.92,stadium,83.6
전망대_용유하늘전망대_1441.jpg,전망대,Observation deck,observatory,89.36,tower,86.92,stadium,83.6
전망대_월미공원 전망대_1425.jpg,전망대,Observation deck,observatory,89.36,tower,86.92,stadium,83.6
전망대_월미공원 전망대_1426.jpg,전망대,Observation deck,observatory,89.36,tower,86.92,stadium,83.6
전망대_인천공항전망대_1414.jpg,전망대,Observation deck,observatory,89.36,tower,86.92,stadium,83.6
전망대_임진각관광지_924.jpg,전망대,Observation deck,observatory,89.36,tower,86.92,stadium,83.6
전망대_임진각관광지_925.jpg,전망대,Observation deck,observatory,89.36,tower,86.92,stadium,83.6
전망대_임진각관광지_926.jpg,전망대,Observation deck,observatory,89.36,tower,86.92,stadium,83.6
전망대_장화리 일몰 조망지_1418.jpg,전망대,Observation deck,observatory,89.36,tower,86.92,stadium,83.6
전망대_장화리 일몰 조망지_1419.jpg,전망대,Observation deck,observatory,89.36,tower,86.92,stadium,83.6
전망대_장화리 일몰 조망지_1420.jpg,전망대,Observation deck,observatory,89.36,tower,86.92,stadium,83.6
전망대_정동전망대_414.jpg,전망대,Observation deck,observatory,89.36,tower,86.92,stadium,83.6
전망대_정동전망대_415.jpg,전망대,Observation deck,observatory,89.36,tower,86.92,stadium,83.6
전망대_청사포다릿돌전망대_1848.jpg,전망대,Observation deck,observatory,89.36,tower,86.92,stadium,83.6
전망대_청사포다릿돌전망대_1850.jpg,전망대,Observation deck,observatory,89.36,tower,86.92,stadium,83.6
전망대_청학배수지 전망대_1872.jpg,전망대,Observation deck,observatory,89.36,tower,86.92,stadium,83.6
전망대_청학배수지 전망대_1873.jpg,전망대,Observation deck,observatory,89.36,tower,86.92,stadium,83.6
전망대_태종대 전망대_1845.jpg,전망대,Observation deck,observatory,89.36,tower,86.92,stadium,83.6
전망대_태풍전망대_948.jpg,전망대,Observation deck,observatory,89.36,tower,86.92,stadium,83.6
전망대_태풍전망대_950.jpg,전망대,Observation deck,observatory,89.36,tower,86.92,stadium,83.6
전망대_하남유니온타워_945.jpg,전망대,Observation deck,observatory,89.36,tower,86.92,stadium,83.6
전망대_하남유니온타워_946.jpg,전망대,Observation deck,observatory,89.36,tower,86.92,stadium,83.6
전망대_하남유니온타워_947.jpg,전망대,Observation deck,observatory,89.36,tower,86.92,stadium,83.6
전망대_하늘전망대_442.jpg,전망대,Observation deck,observatory,89.36,tower,86.92,stadium,83.6
전망대_화개산 전망대_1427.jpg,전망대,Observation deck,observatory,89.36,tower,86.92,stadium,83.6
전망대_화개산 전망대_1428.jpg,전망대,Observation deck,observatory,89.36,tower,86.92,stadium,83.6
전망대_화개산 전망대_1429.jpg,전망대,Observation deck,observatory,89.36,tower,86.92,stadium,83.6
전망대_황령산전망쉼터_1854.jpg,전망대,Observation deck,observatory,89.36,tower,86.92,stadium,83.6
전망대_황령산전망쉼터_1855.jpg,전망대,Observation deck,observatory,89.36,tower,86.92,stadium,83.6
전망대_황령산전망쉼터_1856.jpg,전망대,Observation deck,observatory,89.36,tower,86.92,stadium,83.6
전통찻집_비비비당_1464.jpg,전통찻집,Tea house,restaurant,86.9,temple,86.59,theater,85.15
전통찻집_비비비당_1465.jpg,전통찻집,Tea house,restaurant,86.9,temple,86.59,theater,85.15
"제과,베이커리_금정사계_1538.jpg","제과,베이커리",Bakery,bakery,100.0,market,86.88,gallery,86.87
"제과,베이커리_금정사계_1540.jpg","제과,베이커리",Bakery,bakery,100.0,market,86.88,gallery,86.87
"제과,베이커리_도쿄팡야 대구범어점_1920.jpg","제과,베이커리",Bakery,bakery,100.0,market,86.88,gallery,86.87
"제과,베이커리_도쿄팡야 대구범어점_1921.jpg","제과,베이커리",Bakery,bakery,100.0,market,86.88,gallery,86.87
"제과,베이커리_르배 본점_1940.jpg","제과,베이커리",Bakery,bakery,100.0,market,86.88,gallery,86.87
"제과,베이커리_마시안제빵소_973.jpg","제과,베이커리",Bakery,bakery,100.0,market,86.88,gallery,86.87
"제과,베이커리_아우어베이커리 도산본점_83.jpg","제과,베이커리",Bakery,bakery,100.0,market,86.88,gallery,86.87
"제과,베이커리_아우어베이커리 도산본점_84.jpg","제과,베이커리",Bakery,bakery,100.0,market,86.88,gallery,86.87
"제과,베이커리_야자수 브런치베이커리카페_529.jpg","제과,베이커리",Bakery,bakery,100.0,market,86.88,gallery,86.87
"제과,베이커리_오월의종 타임스퀘어점_80.jpg","제과,베이커리",Bakery,bakery,100.0,market,86.88,gallery,86.87
"제과,베이커리_하우스베이커리_565.jpg","제과,베이커리",Bakery,bakery,100.0,market,86.88,gallery,86.87
"족발,보쌈_골목족발_918.jpg","족발,보쌈",Pork dishes,market,85.95,park,84.89,bar,84.43
주차장_대구미술관 주차장_1998.jpg,주차장,Parking lot,street,89.07,park,88.87,market,87.17
주차장_대구수목원 제3주차장_1971.jpg,주차장,Parking lot,street,89.07,park,88.87,market,87.17
주차장_대구수목원 제3주차장_1972.jpg,주차장,Parking lot,street,89.07,park,88.87,market,87.17
주차장_대구수목원 제3주차장_1973.jpg,주차장,Parking lot,street,89.07,park,88.87,market,87.17
주차장_부산박물관 주차장_1654.jpg,주차장,Parking lot,street,89.07,park,88.87,market,87.17
참치회_골목참치_396.jpg,참치회,Tuna sashimi,ocean,81.18,theater,78.87,river,78.21
참치회_골목참치_397.jpg,참치회,Tuna sashimi,ocean,81.18,theater,78.87,river,78.21
참치회_골목참치_398.jpg,참치회,Tuna sashimi,ocean,81.18,theater,78.87,river,78.21
체험학습장_인천수목원 유아숲체험원_1095.jpg,체험학습장,Experience center,gallery,90.35,museum,90.02,theater,89.31
체험학습장_인천수목원 유아숲체험원_1097.jpg,체험학습장,Experience center,gallery,90.35,museum,90.02,theater,89.31
추어_골목추어탕 본점_893.jpg,추어,Loach,river,77.58,zoo,76.3,ocean,75.16
추어_골목추어탕 본점_894.jpg,추어,Loach,river,77.58,zoo,76.3,ocean,75.16
추어_골목추어탕 본점_895.jpg,추어,Loach,river,77.58,zoo,76.3,ocean,75.16
축제_대구수목원국화전시회_1968.jpg,축제,Festival,festival,100.0,market,89.61,stadium,87.81
축제_대구수목원국화전시회_1969.jpg,축제,Festival,festival,100.0,market,89.61,stadium,87.81
축제_대구수목원국화전시회_1970.jpg,축제,Festival,festival,100.0,market,89.61,stadium,87.81
카페_고양이똥 브런치_1.jpg,카페,Café,bar,90.51,restaurant,89.84,theater,88.31
카페_고양이똥 브런치_2.jpg,카페,Café,bar,90.51,restaurant,89.84,theater,88.31
카페_고양이똥 브런치_3.jpg,카페,Café,bar,90.51,restaurant,89.84,theater,88.31
카페_노티스_1473.jpg,카페,Café,bar,90.51,restaurant,89.84,theater,88.31
카페_노티스_1474.jpg,카페,Café,bar,90.51,restaurant,89.84,theater,88.31
카페_대구수목원 카페_1986.jpg,카페,Café,bar,90.51,restaurant,89.84,theater,88.31
카페_대구수목원 카페_1988.jpg,카페,Café,bar,90.51,restaurant,89.84,theater,88.31
카페_대연골목_1840.jpg,카페,Café,bar,90.51,restaurant,89.84,theater,88.31
카페_데이지브런치카페_537.jpg,카페,Café,bar,90.51,restaurant,89.84,theater,88.31
카페_라메르베이커리카페_1071.jpg,카페,Café,bar,90.51,restaurant,89.84,theater,88.31
카페_라메르베이커리카페_1072.jpg,카페,Café,bar,90.51,restaurant,89.84,theater,88.31
카페_라몽드브런치카페_1923.jpg,카페,Café,bar,90.51,restaurant,89.84,theater,88.31
카페_레드브릿지_555.jpg,카페,Café,bar,90.51,restaurant,89.84,theater,88.31
카페_레드브릿지_556.jpg,카페,Café,bar,90.51,restaurant,89.84,theater,88.31
카페_매화마름_1079.jpg,카페,Café,bar,90.51,restaurant,89.84,theater,88.31
카페_메이드림_1068.jpg,카페,Café,bar,90.51,restaurant,89.84,theater,88.31
카페_메이드림_1069.jpg,카페,Café,bar,90.51,restaurant,89.84,theater,88.31
카페_메이드림_1070.jpg,카페,Café,bar,90.51,restaurant,89.84,theater,88.31
카페_몬떼델피노_558.jpg,카페,Café,bar,90.51,restaurant,89.84,theater,88.31
카페_바다보다_1086.jpg,카페,Café,bar,90.51,restaurant,89.84,theater,88.31
카페_바다보다_1087.jpg,카페,Café,bar,90.51,restaurant,89.84,theater,88.31
카페_바다보다_1088.jpg,카페,Café,bar,90.51,restaurant,89.84,theater,88.31
카페_발리다_450.jpg,카페,Café,bar,90.51,restaurant,89.84,theater,88.31
카페_발리다_451.jpg,카페,Café,bar,90.51,restaurant,89.84,theater,88.31
카페_발리다_452.jpg,카페,Café,bar,90.51,restaurant,89.84,theater,88.31
카페_브런치가든 계양구청점_1040.jpg,카페,Café,bar,90.51,restaurant,89.84,theater,88.31
카페_브런치위치_522.jpg,카페,Café,bar,90.51,restaurant,89.84,theater,88.31
카페_브런치위치_523.jpg,카페,Café,bar,90.51,restaurant,89.84,theater,88.31
카페_브런치카페 이안_1530.jpg,카페,Café,bar,90.51,restaurant,89.84,theater,88.31
카페_브런치포레_517.jpg,카페,Café,bar,90.51,restaurant,89.84,theater,88.31
카페_블루트렁크 오이도거북섬본점_465.jpg,카페,Café,bar,90.51,restaurant,89.84,theater,88.31
카페_블루트렁크 오이도거북섬본점_466.jpg,카페,Café,bar,90.51,restaurant,89.84,theater,88.31
카페_블루트렁크 오이도거북섬본점_467.jpg,카페,Café,bar,90.51,restaurant,89.84,theater,88.31
카페_비파티세리 공덕점_66.jpg,카페,Café,bar,90.51,restaurant,89.84,theater,88.31
카페_빌라드파넬_572.jpg,카페,Café,bar,90.51,restaurant,89.84,theater,88.31
카페_스노잉클라우드_1484.jpg,카페,Café,bar,90.51,restaurant,89.84,theater,88.31
카페_스노잉클라우드_1486.jpg,카페,Café,bar,90.51,restaurant,89.84,theater,88.31
카페_앵커커피로스터즈_474.jpg,카페,Café,bar,90.51,restaurant,89.84,theater,88.31
카페_어반브런치_501.jpg,카페,Café,bar,90.51,restaurant,89.84,theater,88.31
카페_엠클리프_982.jpg,카페,Café,bar,90.51,restaurant,89.84,theater,88.31
카페_오라카페&브런치_1043.jpg,카페,Café,bar,90.51,restaurant,89.84,theater,88.31
카페_인더매스 삼덕_1932.jpg,카페,Café,bar,90.51,restaurant,89.84,theater,88.31
카페_인더매스 삼덕_1933.jpg,카페,Café,bar,90.51,restaurant,89.84,theater,88.31
카페_인더매스 삼덕_1934.jpg,카페,Café,bar,90.51,restaurant,89.84,theater,88.31
카페_지금이곳_1059.jpg,카페,Café,bar,90.51,restaurant,89.84,theater,88.31
카페_지금이곳_1060.jpg,카페,Café,bar,90.51,restaurant,89.84,theater,88.31
카페_지금이곳_1061.jpg,카페,Café,bar,90.51,restaurant,89.84,theater,88.31
카페_차덕분_975.jpg,카페,Café,bar,90.51,restaurant,89.84,theater,88.31
카페_차덕분_976.jpg,카페,Café,bar,90.51,restaurant,89.84,theater,88.31
카페_차덕분_977.jpg,카페,Café,bar,90.51,restaurant,89.84,theater,88.31
카페_칠암사계_1545.jpg,카페,Café,bar,90.51,restaurant,89.84,theater,88.31
카페_칠암사계_1546.jpg,카페,Café,bar,90.51,restaurant,89.84,theater,88.31
카페_카페 메르디_985.jpg,카페,Café,bar,90.51,restaurant,89.84,theater,88.31
카페_카페 메르디_986.jpg,카페,Café,bar,90.51,restaurant,89.84,theater,88.31
카페_카페109하우스_987.jpg,카페,Café,bar,90.51,restaurant,89.84,theater,88.31
카페_카페109하우스_988.jpg,카페,Café,bar,90.51,restaurant,89.84,theater,88.31
카페_카페385_1460.jpg,카페,Café,bar,90.51,restaurant,89.84,theater,88.31
카페_카페385_1461.jpg,카페,Café,bar,90.51,restaurant,89.84,theater,88.31
카페_카페윤_1454.jpg,카페,Café,bar,90.51,restaurant,89.84,theater,88.31
카페_카페윤_1455.jpg,카페,Café,bar,90.51,restaurant,89.84,theater,88.31
카페_카페윤_1456.jpg,카페,Café,bar,90.51,restaurant,89.84,theater,88.31
카페_카펠라_1901.jpg,카페,Café,bar,90.51,restaurant,89.84,theater,88.31
카페_코스모40_1058.jpg,카페,Café,bar,90.51,restaurant,89.84,theater,88.31
카페_쿠타팜테라스 브런치카페_1496.jpg,카페,Café,bar,90.51,restaurant,89.84,theater,88.31
카페_쿠타팜테라스 브런치카페_1497.jpg,카페,Café,bar,90.51,restaurant,89.84,theater,88.31
카페_토크라피_969.jpg,카페,Café,bar,90.51,restaurant,89.84,theater,88.31
카페_토크라피_970.jpg,카페,Café,bar,90.51,restaurant,89.84,theater,88.31
카페_토크라피_971.jpg,카페,Café,bar,90.51,restaurant,89.84,theater,88.31
카페_티아이티에프_1956.jpg,카페,Café,bar,90.51,restaurant,89.84,theater,88.31
카페_티아이티에프_1957.jpg,카페,Café,bar,90.51,restaurant,89.84,theater,88.31
카페_티아이티에프_1958.jpg,카페,Café,bar,90.51,restaurant,89.84,theater,88.31
카페_파이브어클락_472.jpg,카페,Café,bar,90.51,restaurant,89.84,theater,88.31
카페_포레스트아웃팅스 일산본점_542.jpg,카페,Café,bar,90.51,restaurant,89.84,theater,88.31
카페_하이바다_996.jpg,카페,Café,bar,90.51,restaurant,89.84,theater,88.31
카페_하이바다_997.jpg,카페,Café,bar,90.51,restaurant,89.84,theater,88.31
카페_하이바다_998.jpg,카페,Café,bar,90.51,restaurant,89.84,theater,88.31
카페_헤이든신씨어_1550.jpg,카페,Café,bar,90.51,restaurant,89.84,theater,88.31
칼국수_골목손칼국수_1829.jpg,칼국수,Noodle soup,temple,82.24,market,82.24,street,82.05
커피전문점_골목사이_915.jpg,커피전문점,Coffee shop,restaurant,90.07,theater,86.77,bakery,86.58
커피전문점_골목사이_916.jpg,커피전문점,Coffee shop,restaurant,90.07,theater,86.77,bakery,86.58
커피전문점_그린홀리데이_1075.jpg,커피전문점,Coffee shop,restaurant,90.07,theater,86.77,bakery,86.58
커피전문점_배곧아띠_460.jpg,커피전문점,Coffee shop,restaurant,90.07,theater,86.77,bakery,86.58
커피전문점_뻘다방_966.jpg,커피전문점,Coffee shop,restaurant,90.07,theater,86.77,bakery,86.58
커피전문점_뻘다방_967.jpg,커피전문점,Coffee shop,restaurant,90.07,theater,86.77,bakery,86.58
커피전문점_뻘다방_968.jpg,커피전문점,Coffee shop,restaurant,90.07,theater,86.77,bakery,86.58
커피전문점_웨이브온커피_1445.jpg,커피전문점,Coffee shop,restaurant,90.07,theater,86.77,bakery,86.58
커피전문점_웨이브온커피_1447.jpg,커피전문점,Coffee shop,restaurant,90.07,theater,86.77,bakery,86.58
커피전문점_해밀화_456.jpg,커피전문점,Coffee shop,restaurant,90.07,theater,86.77,bakery,86.58
테마파크_강화루지_1265.jpg,테마파크,Theme park,amusement park,93.6,park,90.21,theater,90.05
테마파크_강화루지_1267.jpg,테마파크,Theme park,amusement park,93.6,park,90.21,theater,90.05
테마파크_농협안성팜랜드_800.jpg,테마파크,Theme park,amusement park,93.6,park,90.21,theater,90.05
테마파크_니지모리스튜디오_822.jpg,테마파크,Theme park,amusement park,93.6,park,90.21,theater,90.05
테마파크_니지모리스튜디오_823.jpg,테마파크,Theme park,amusement park,93.6,park,90.21,theater,90.05
테마파크_두리랜드_812.jpg,테마파크,Theme park,amusement park,93.6,park,90.21,theater,90.05
테마파크_두리랜드_813.jpg,테마파크,Theme park,amusement park,93.6,park,90.21,theater,90.05
테마파크_두리랜드_814.jpg,테마파크,Theme park,amusement park,93.6,park,90.21,theater,90.05
테마파크_런닝맨 인사동점_299.jpg,테마파크,Theme park,amusement park,93.6,park,90.21,theater,90.05
테마파크_롯데월드 어드벤처 부산_1716.jpg,테마파크,Theme park,amusement park,93.6,park,90.21,theater,90.05
테마파크_롯데월드 어드벤처 부산_1717.jpg,테마파크,Theme park,amusement park,93.6,park,90.21,theater,90.05
테마파크_롯데월드 어드벤처 부산_1718.jpg,테마파크,Theme park,amusement park,93.6,park,90.21,theater,90.05
테마파크_루덴시아_827.jpg,테마파크,Theme park,amusement park,93.6,park,90.21,theater,90.05
테마파크_루덴시아_828.jpg,테마파크,Theme park,amusement park,93.6,park,90.21,theater,90.05
테마파크_루덴시아_829.jpg,테마파크,Theme park,amusement park,93.6,park,90.21,theater,90.05
테마파크_마이랜드_1283.jpg,테마파크,Theme park,amusement park,93.6,park,90.21,theater,90.05
테마파크_마이랜드_1284.jpg,테마파크,Theme park,amusement park,93.6,park,90.21,theater,90.05
테마파크_마이랜드_1285.jpg,테마파크,Theme park,amusement park,93.6,park,90.21,theater,90.05
테마파크_매직아일랜드_307.jpg,테마파크,Theme park,amusement park,93.6,park,90.21,theater,90.05
테마파크_매직아일랜드_308.jpg,테마파크,Theme park,amusement park,93.6,park,90.21,theater,90.05
테마파크_배미꾸미조각공원_1298.jpg,테마파크,Theme park,amusement park,93.6,park,90.21,theater,90.05
테마파크_배미꾸미조각공원_1299.jpg,테마파크,Theme park,amusement park,93.6,park,90.21,theater,90.05
테마파크_배미꾸미조각공원_1300.jpg,테마파크,Theme park,amusement park,93.6,park,90.21,theater,90.05
테마파크_법무부 부산솔로몬로파크_1738.jpg,테마파크,Theme park,amusement park,93.6,park,90.21,theater,90.05
테마파크_법무부 부산솔로몬로파크_1739.jpg,테마파크,Theme park,amusement park,93.6,park,90.21,theater,90.05
테마파크_봉화산옹기테마공원_303.jpg,테마파크,Theme park,amusement park,93.6,park,90.21,theater,90.05
테마파크_봉화산옹기테마공원_304.jpg,테마파크,Theme park,amusement park,93.6,park,90.21,theater,90.05
테마파크_봉화산옹기테마공원_305.jpg,테마파크,Theme park,amusement park,93.6,park,90.21,theater,90.05
테마파크_부산어린이대공원_1724.jpg,테마파크,Theme park,amusement park,93.6,park,90.21,theater,90.05
테마파크_브릭캠퍼스 부산_1744.jpg,테마파크,Theme park,amusement park,93.6,park,90.21,theater,90.05
테마파크_브릭캠퍼스 부산_1745.jpg,테마파크,Theme park,amusement park,93.6,park,90.21,theater,90.05
테마파크_뽀로로&타요 콘텐츠 테마파크빌딩 월미_1274.jpg,테마파크,Theme park,amusement park,93.6,park,90.21,theater,90.05
테마파크_뽀로로&타요 테마파크 월미도점_1307.jpg,테마파크,Theme park,amusement park,93.6,park,90.21,theater,90.05
테마파크_뽀로로&타요 테마파크 월미도점_1308.jpg,테마파크,Theme park,amusement park,93.6,park,90.21,theater,90.05
테마파크_뽀로로&타요 테마파크 월미도점_1309.jpg,테마파크,Theme park,amusement park,93.6,park,90.21,theater,90.05
테마파크_서울 어린이 대공원 놀이 동산_279.jpg,테마파크,Theme park,amusement park,93.6,park,90.21,theater,90.05
테마파크_서울 어린이 대공원 놀이 동산_280.jpg,테마파크,Theme park,amusement park,93.6,park,90.21,theater,90.05
테마파크_서울 어린이 대공원 놀이 동산_281.jpg,테마파크,Theme park,amusement park,93.6,park,90.21,theater,90.05
테마파크_서울대공원_803.jpg,테마파크,Theme park,amusement park,93.6,park,90.21,theater,90.05
테마파크_서울대공원_804.jpg,테마파크,Theme park,amusement park,93.6,park,90.21,theater,90.05
테마파크_서울랜드_809.jpg,테마파크,Theme park,amusement park,93.6,park,90.21,theater,90.05
테마파크_서울어린이대공원_282.jpg,테마파크,Theme park,amusement park,93.6,park,90.21,theater,90.05
테마파크_서울어린이대공원_283.jpg,테마파크,Theme park,amusement park,93.6,park,90.21,theater,90.05
테마파크_서울어린이대공원_284.jpg,테마파크,Theme park,amusement park,93.6,park,90.21,theater,90.05
테마파크_스머프매직포레스트_296.jpg,테마파크,Theme park,amusement park,93.6,park,90.21,theater,90.05
테마파크_스카이라인 루지_1728.jpg,테마파크,Theme park,amusement park,93.6,park,90.21,theater,90.05
테마파크_에버랜드_798.jpg,테마파크,Theme park,amusement park,93.6,park,90.21,theater,90.05
테마파크_용인농촌테마파크_839.jpg,테마파크,Theme park,amusement park,93.6,park,90.21,theater,90.05
테마파크_용인농촌테마파크_840.jpg,테마파크,Theme park,amusement park,93.6,park,90.21,theater,90.05
테마파크_용인농촌테마파크_841.jpg,테마파크,Theme park,amusement park,93.6,park,90.21,theater,90.05
테마파크_원마운트_831.jpg,테마파크,Theme park,amusement park,93.6,park,90.21,theater,90.05
테마파크_원마운트_832.jpg,테마파크,Theme park,amusement park,93.6,park,90.21,theater,90.05
테마파크_인스파이어 디스커버리 파크_1302.jpg,테마파크,Theme park,amusement park,93.6,park,90.21,theater,90.05
테마파크_인천공룡월드_1288.jpg,테마파크,Theme park,amusement park,93.6,park,90.21,theater,90.05
테마파크_인천대공원_1268.jpg,테마파크,Theme park,amusement park,93.6,park,90.21,theater,90.05
테마파크_태종대오션플라잉테마파크_1740.jpg,테마파크,Theme park,amusement park,93.6,park,90.21,theater,90.05
테마파크_태종대오션플라잉테마파크_1741.jpg,테마파크,Theme park,amusement park,93.6,park,90.21,theater,90.05
테마파크_태종대오션플라잉테마파크_1742.jpg,테마파크,Theme park,amusement park,93.6,park,90.21,theater,90.05
테마파크_트릭아이뮤지엄_300.jpg,테마파크,Theme park,amusement park,93.6,park,90.21,theater,90.05
테마파크_트릭아이뮤지엄_301.jpg,테마파크,Theme park,amusement park,93.6,park,90.21,theater,90.05
테마파크_파라다이스시티 원더박스_1280.jpg,테마파크,Theme park,amusement park,93.6,park,90.21,theater,90.05
테마파크_파라다이스시티 원더박스_1281.jpg,테마파크,Theme park,amusement park,93.6,park,90.21,theater,90.05
테마파크_퍼스트가든_815.jpg,테마파크,Theme park,amusement park,93.6,park,90.21,theater,90.05
테마파크_퍼스트가든_817.jpg,테마파크,Theme park,amusement park,93.6,park,90.21,theater,90.05
테마파크시설_롯데월드어드벤처 부산점 자이언트디거_1751.jpg,테마파크시설,Theme park,amusement park,93.6,park,90.21,theater,90.05
테마파크시설_어린이대공원 능동숲속의무대_312.jpg,테마파크시설,Theme park,amusement park,93.6,park,90.21,theater,90.05
테마파크시설_어린이대공원 능동숲속의무대_313.jpg,테마파크시설,Theme park,amusement park,93.6,park,90.21,theater,90.05
테마파크시설_어린이대공원 능동숲속의무대_314.jpg,테마파크시설,Theme park,amusement park,93.6,park,90.21,theater,90.05
테마파크시설_어린이대공원 팔각당_318.jpg,테마파크시설,Theme park,amusement park,93.6,park,90.21,theater,90.05
한식_골목보리밥_1385.jpg,한식,Korean cuisine,korean palace,88.03,restaurant,83.91,market,81.47
한식_골목보리밥_1387.jpg,한식,Korean cuisine,korean palace,88.03,restaurant,83.91,market,81.47
한식_골목순대국밥집_1374.jpg,한식,Korean cuisine,korean palace,88.03,restaurant,83.91,market,81.47
한식_연탄골목_911.jpg,한식,Korean cuisine,korean palace,88.03,restaurant,83.91,market,81.47
한식_연탄골목_912.jpg,한식,Korean cuisine,korean palace,88.03,restaurant,83.91,market,81.47
한식_연탄골목_913.jpg,한식,Korean cuisine,korean palace,88.03,restaurant,83.91,market,81.47
한식뷔페_골목한식뷔페_1367.jpg,한식뷔페,Korean buffet,korean palace,86.59,restaurant,82.34,bar,81.94
한식뷔페_골목한식뷔페_1368.jpg,한식뷔페,Korean buffet,korean palace,86.59,restaurant,82.34,bar,81.94
한식뷔페_골목한식뷔페_1369.jpg,한식뷔페,Korean buffet,korean palace,86.59,restaurant,82.34,bar,81.94
"해물,생선_골목안집_1816.jpg","해물,생선",Seafood,ocean,89.49,harbor,87.74,market,87.02
"해물,생선_골목안집_1817.jpg","해물,생선",Seafood,ocean,89.49,harbor,87.74,market,87.02
"해물,생선_골목안채_887.jpg","해물,생선",Seafood,ocean,89.49,harbor,87.74,market,87.02
"해물,생선_골목안채_888.jpg","해물,생선",Seafood,ocean,89.49,harbor,87.74,market,87.02
"해물,생선_골목안채_889.jpg","해물,생선",Seafood,ocean,89.49,harbor,87.74,market,87.02
"해물,생선_골목쭈꾸미_1825.jpg","해물,생선",Seafood,ocean,89.49,harbor,87.74,market,87.02
"해물,생선_골목쭈꾸미_1826.jpg","해물,생선",Seafood,ocean,89.49,harbor,87.74,market,87.02
"해물,생선_오빠가찜해줄께 부산본점_1666.jpg","해물,생선",Seafood,ocean,89.49,harbor,87.74,market,87.02
"해물,생선_오빠가찜해줄께 부산본점_1667.jpg","해물,생선",Seafood,ocean,89.49,harbor,87.74,market,87.02
"향교,서당_교동향교_1259.jpg","향교,서당",Confucian school,korean palace,83.06,street,82.25,market,82.03
"향교,서당_교동향교_1260.jpg","향교,서당",Confucian school,korean palace,83.06,street,82.25,market,82.03
"향교,서당_교동향교_1261.jpg","향교,서당",Confucian school,korean palace,83.06,street,82.25,market,82.03
"향교,서당_동래향교_1704.jpg","향교,서당",Confucian school,korean palace,83.06,street,82.25,market,82.03
"향교,서당_동래향교_1705.jpg","향교,서당",Confucian school,korean palace,83.06,street,82.25,market,82.03
"향교,서당_동래향교_1706.jpg","향교,서당",Confucian school,korean palace,83.06,street,82.25,market,82.03
호수_석촌호수 서호_136.jpg,호수,Lake,river,90.51,ocean,88.91,harbor,88.19
호수_석촌호수 서호_138.jpg,호수,Lake,river,90.51,ocean,88.91,harbor,88.19
"호프,요리주점_골목_1803.jpg","호프,요리주점",Pub,bar,92.76,theater,89.54,restaurant,89.37
"호프,요리주점_골목_1804.jpg","호프,요리주점",Pub,bar,92.76,theater,89.54,restaurant,89.37
"호프,요리주점_골목_1805.jpg","호프,요리주점",Pub,bar,92.76,theater,89.54,restaurant,89.37
