key,lat,lon,taken_at,preview_url
users/e1ff7aa9-21a6-4297-b23b-be1b6fae8e57/imgs/57/original/ab68bebc-cd0a-45dc-a17f-327361386493.jpg,35.149678,129.114754,2022-07-02T19:07:00,https://life-recorder-dev-images.s3.ap-northeast-2.amazonaws.com/users/e1ff7aa9-21a6-4297-b23b-be1b6fae8e57/imgs/57/original/ab68bebc-cd0a-45dc-a17f-327361386493.jpg?X-Amz-Algorithm=AWS4-HMAC-SHA256&X-Amz-Credential=AKIAYEKP52XACHD3ZPW5%2F20251207%2Fap-northeast-2%2Fs3%2Faws4_request&X-Amz-Date=20251207T105344Z&X-Amz-Expires=3600&X-Amz-SignedHeaders=host&X-Amz-Signature=1f81717b2abd00687a4246a7ddd38ae332db124181a91d60a683ce051c3d5ece
users/e1ff7aa9-21a6-4297-b23b-be1b6fae8e57/imgs/57/original/66ac729b-297c-4a7d-9585-7048f1466110.jpg,35.154747199999996,129.11986699972223,2022-07-02T21:22:03,https://life-recorder-dev-images.s3.ap-northeast-2.amazonaws.com/users/e1ff7aa9-21a6-4297-b23b-be1b6fae8e57/imgs/57/original/66ac729b-297c-4a7d-9585-7048f1466110.jpg?X-Amz-Algorithm=AWS4-HMAC-SHA256&X-Amz-Credential=AKIAYEKP52XACHD3ZPW5%2F20251207%2Fap-northeast-2%2Fs3%2Faws4_request&X-Amz-Date=20251207T105344Z&X-Amz-Expires=3600&X-Amz-SignedHeaders=host&X-Amz-Signature=14c7a75ff193cb65054d24bbb86b8d6d4a3d2a74f94a8f5398dd60304ca533ef
users/e1ff7aa9-21a6-4297-b23b-be1b6fae8e57/imgs/57/original/53f0bddd-c848-419d-bbff-d5d8b38cc307.jpg,35.160815972222224,129.16471997222223,2022-07-03T12:58:40,https://life-recorder-dev-images.s3.ap-northeast-2.amazonaws.com/users/e1ff7aa9-21a6-4297-b23b-be1b6fae8e57/imgs/57/original/53f0bddd-c848-419d-bbff-d5d8b38cc307.jpg?X-Amz-Algorithm=AWS4-HMAC-SHA256&X-Amz-Credential=AKIAYEKP52XACHD3ZPW5%2F20251207%2Fap-northeast-2%2Fs3%2Faws4_request&X-Amz-Date=20251207T105345Z&X-Amz-Expires=3600&X-Amz-SignedHeaders=host&X-Amz-Signature=c747e3e09ab83a5a2faca67cdd51c8a64f12cdb95bbcdd01c66603972c6a541e
users/e1ff7aa9-21a6-4297-b23b-be1b6fae8e57/imgs/57/original/4f078a02-014b-4af1-aaf7-1e9bacb5bb14.jpg,35.156928199999996,129.1547467,2022-07-03T16:21:41,https://life-recorder-dev-images.s3.ap-northeast-2.amazonaws.com/users/e1ff7aa9-21a6-4297-b23b-be1b6fae8e57/imgs/57/original/4f078a02-014b-4af1-aaf7-1e9bacb5bb14.jpg?X-Amz-Algorithm=AWS4-HMAC-SHA256&X-Amz-Credential=AKIAYEKP52XACHD3ZPW5%2F20251207%2Fap-northeast-2%2Fs3%2Faws4_request&X-Amz-Date=20251207T105345Z&X-Amz-Expires=3600&X-Amz-SignedHeaders=host&X-Amz-Signature=f3e7193694126108f6157fe205b7eabdd5650769c2a65ce171eab29c05110439
users/e1ff7aa9-21a6-4297-b23b-be1b6fae8e57/imgs/57/original/bab699d8-215c-4cab-be35-1b638ae5715d.jpg,35.152096,129.15251639972223,2022-07-03T16:37:11,https://life-recorder-dev-images.s3.ap-northeast-2.amazonaws.com/users/e1ff7aa9-21a6-4297-b23b-be1b6fae8e57/imgs/57/original/bab699d8-215c-4cab-be35-1b638ae5715d.jpg?X-Amz-Algorithm=AWS4-HMAC-SHA256&X-Amz-Credential=AKIAYEKP52XACHD3ZPW5%2F20251207%2Fap-northeast-2%2Fs3%2Faws4_request&X-Amz-Date=20251207T105345Z&X-Amz-Expires=3600&X-Amz-SignedHeaders=host&X-Amz-Signature=a3283c5ebd04d4c0e0e53f1d19afa97f8c9150d2a0064c8915976b01d948165d
users/e1ff7aa9-21a6-4297-b23b-be1b6fae8e57/imgs/57/original/f717c730-8da8-4b65-b6c5-1297be139b47.jpg,35.15460509972222,129.13313759972223,2022-07-03T17:57:17,https://life-recorder-dev-images.s3.ap-northeast-2.amazonaws.com/users/e1ff7aa9-21a6-4297-b23b-be1b6fae8e57/imgs/57/original/f717c730-8da8-4b65-b6c5-1297be139b47.jpg?X-Amz-Algorithm=AWS4-HMAC-SHA256&X-Amz-Credential=AKIAYEKP52XACHD3ZPW5%2F20251207%2Fap-northeast-2%2Fs3%2Faws4_request&X-Amz-Date=20251207T105347Z&X-Amz-Expires=3600&X-Amz-SignedHeaders=host&X-Amz-Signature=9bff791f963cd4af0dfda7039f386be5ff1e5532ced8fbae39bc51952754fadf
users/e1ff7aa9-21a6-4297-b23b-be1b6fae8e57/imgs/57/original/1921b093-1f32-4da9-8273-0f5191b8a79a.jpg,35.09857519972223,129.03488459972223,2022-07-04T14:16:02,https://life-recorder-dev-images.s3.ap-northeast-2.amazonaws.com/users/e1ff7aa9-21a6-4297-b23b-be1b6fae8e57/imgs/57/original/1921b093-1f32-4da9-8273-0f5191b8a79a.jpg?X-Amz-Algorithm=AWS4-HMAC-SHA256&X-Amz-Credential=AKIAYEKP52XACHD3ZPW5%2F20251207%2Fap-northeast-2%2Fs3%2Faws4_request&X-Amz-Date=20251207T105347Z&X-Amz-Expires=3600&X-Amz-SignedHeaders=host&X-Amz-Signature=d466b43b97ea3f2e00cfd1e20282c1c3154dffc65421ff88aa9cf89376610a2a
users/e1ff7aa9-21a6-4297-b23b-be1b6fae8e57/imgs/57/original/b978356e-be8a-4030-bb2d-d92ae6345c7b.jpg,35.100962,129.0327388,2022-07-04T16:30:58,https://life-recorder-dev-images.s3.ap-northeast-2.amazonaws.com/users/e1ff7aa9-21a6-4297-b23b-be1b6fae8e57/imgs/57/original/b978356e-be8a-4030-bb2d-d92ae6345c7b.jpg?X-Amz-Algorithm=AWS4-HMAC-SHA256&X-Amz-Credential=AKIAYEKP52XACHD3ZPW5%2F20251207%2Fap-northeast-2%2Fs3%2Faws4_request&X-Amz-Date=20251207T105347Z&X-Amz-Expires=3600&X-Amz-SignedHeaders=host&X-Amz-Signature=a5dab5a5a592404ecdfa4a5987602944dde57720916e1057936e46945d509dd6
users/e1ff7aa9-21a6-4297-b23b-be1b6fae8e57/imgs/57/original/4e2b1452-35fe-49df-a949-072e789f2c7a.jpg,35.154599399999995,129.13308449972223,2022-07-03T19:50:30,https://life-recorder-dev-images.s3.ap-northeast-2.amazonaws.com/users/e1ff7aa9-21a6-4297-b23b-be1b6fae8e57/imgs/57/original/4e2b1452-35fe-49df-a949-072e789f2c7a.jpg?X-Amz-Algorithm=AWS4-HMAC-SHA256&X-Amz-Credential=AKIAYEKP52XACHD3ZPW5%2F20251207%2Fap-northeast-2%2Fs3%2Faws4_request&X-Amz-Date=20251207T105349Z&X-Amz-Expires=3600&X-Amz-SignedHeaders=host&X-Amz-Signature=5a18d930d6087fa3e0913c31a1151b9b1ef3ee7b80c671fee9c149a74f80443b
